id71637226733695	уборка/хозяйка
id69056225558628	уборка/хозяйка
id73837208167779	уборка/хозяйка
id71635281182973	уборка/хозяйка
dnevnikwoman	женское
id73293041839399	порядок
id69241002773015	товары для дома
Skidki_izh	скидки
meow1meow_meow	находки WB/Ozon
kulinaryoc	рецепты
SladkayaRech	рецепты
id68819370112496	рецепты
family_home_wife	семья
club211816449	мамы
gosuslugiforparents	родители
riemont	ремонт
4oKoWKQM8yFBPj6un57viGpoLgEpYTGxNASs9lf-bQM	интерьер
id72766652570967	интерьер
id71745355603290	женское/здоровье
id70950522587863	женское/здоровье
id69577546855920	лайфхаки
nahodkisozoniwb	находки WB/Ozon
wbdeshevo	скидки WB
id69282032052807	мамы
id71232083719655	дача
id69755402250823	дача
id68792204916208	аэрогриль
HcDKTwlaBnIyNzgy	рецепты
recepty_new	рецепты
F_ueICGFSQE1NmFi	мультиварка/аэрогриль
id69056318892609	психология
upgoods	товары для дома
cutegiftss	подарки
id68992917441056	домашние хитрости
