id,title,url,category,subscribers,views_24h,views_48h,er_pct,reactions_avg,growth_week,growth_month,posts_total,contacts,description,telemetr,source
gosuslugiforparents,Госуслуги для родителей,https://max.ru/gosuslugiforparents,Для родителей,256050.0,60027.0,68878.0,31.8,624.0,320.0,1421.0,47.0,vk.com/gosuslugiforparents @gosuslugiforparents,"Госуслуги для родителей / @gosuslugiforparents / Про выплаты, льготы и гарантии для семей с детьми. Новости, инструкции и полезные сервисы. / ВК: vk.com/gosuslugiforparents / ОК: ok.ru/gosuslugiforparents / Дзен: dzen.ru/gosuslugiforparents",https://telemetr.me/max/channels/gosuslugiforparents,cat:parents search:родители
family_home_wife,Семейный Уют🤍Семья и дети 🧑‍🧑‍🧒‍🧒Стройка 🦺,https://max.ru/family_home_wife,Для родителей,144188.0,25800.0,29249.0,20.5,1200.0,3375.0,13633.0,20.0,https://max.ru/u/f9LHodD0cOIikoXos6xa18wB9Ql-Tl04itlk04RGBtKt34DmuAnRjbHCGJM https://vk.ru/life_zuma @family_home_wife,"Семейный Уют🤍Семья и дети 🧑‍🧑‍🧒‍🧒Стройка 🦺 / @family_home_wife / Семья • особенные дети • уютный дом 🤍 / Жизнь мамы, воспитание, стройка и путешествия / Делюсь настоящим, полезным и личным / Площадки  6ybVQCpt / VK https://vk.ru/life_zuma / С-во ⤵️ / https://max.ru/u/f9LHodD0cOIikoXos6xa18wB9Ql-Tl04itlk04RGBtKt34DmuAnRjbHCGJM",https://telemetr.me/max/channels/family_home_wife,cat:parents search:семья
id76238224421567,Поделки с детьми,https://max.ru/id76238224421567,Рукоделие,124845.0,23631.0,28809.0,26.5,570.0,6076.0,38281.0,346.0,,"Поделки с детьми / Закрытый канал / Поделки без хлопот: используем то, что есть дома! Бумага, картон, шишки, пуговицы — превращаем обычные вещи в чудеса. / По всем вопросам - iimax.ru/betsky / Купить рекламу в канале — s.marketly.ru/p4pRjSSN / Для друзей - https://max.ru/join/dq4GIJ1ITGaSLOv3hduuP-aPz2jGrMizm3wtVs_sd-U / Если вы автор видео, напишите нам, мы удалим или поставим отметку",https://telemetr.me/max/channels/id76238224421567,cat:handmade cat:parents
sferum_safety,Сферум. Родителям,https://max.ru/sferum_safety,Для родителей,102840.0,34749.0,39720.0,48.8,549.0,178.0,4147.0,14.0,@sferum_safety,Сферум. Родителям / @sferum_safety / Говорим о воспитании и родительстве — делимся советами и полезной информацией,https://telemetr.me/max/channels/sferum_safety,cat:parents
alenkamorozik,Алёнка.Морозик,https://max.ru/alenkamorozik,Для родителей,129293.0,32578.0,37454.0,32.1,2646.0,8189.0,27767.0,191.0,https://max.ru/u/f9LHodD0cOKwXxjxNGM9M2dUscCG3o3XaR9XISPD0nw35xxPAMpt4a84dro https://vk.com/alenkamorozik @alenkamorozik,"Алёнка.Морозик / @alenkamorozik / 🏆 Топ Блогер 2021 ,2023, 2024 в номинации / «Многодетная мать» / Мотивирую на детей и семью / ВК https://vk.com/alenkamorozik / Сотрудничество / https://max.ru/u/f9LHodD0cOKwXxjxNGM9M2dUscCG3o3XaR9XISPD0nw35xxPAMpt4a84dro / ⠀",https://telemetr.me/max/channels/alenkamorozik,cat:parents
andreamamikk,Andreamamik LIVE,https://max.ru/andreamamikk,Для родителей,66703.0,17630.0,21405.0,37.9,728.0,-357.0,-949.0,72.0,https://vk.ru/katya__tyt @andreamamikk,"Andreamamik LIVE / @andreamamikk / ❤️‍🔥ВЛЮБЛЯЕШЬСЯ СРАЗУ❤️‍🔥 / Моя жизнь,как она есть🔥🔥🔥 / VK https://vk.ru/katya__tyt / по рекламе https://clck.ru/3Rnrh6",https://telemetr.me/max/channels/andreamamikk,cat:parents
mrs_druzhinina,Друня LIFE 🏡,https://max.ru/mrs_druzhinina,Для родителей,66889.0,9825.0,10347.0,19.6,204.0,-36.0,3755.0,5.0,https://max.ru/u/f9LHodD0cOInYQuZQOy6IakQfyqFuel4BZ2mvMzRaZLHrptCvH_RgG4T1rg https://t.me/kyky81 @mrs_druzhinina,Друня LIFE 🏡 / @mrs_druzhinina / Добро пожаловать в наши семейные будни! / По рекламе:https://t.me/kyky81 или макс https://max.ru/u/f9LHodD0cOInYQuZQOy6IakQfyqFuel4BZ2mvMzRaZLHrptCvH_RgG4T1rg,https://telemetr.me/max/channels/mrs_druzhinina,cat:parents
id69282032052807,Продвинутая мама,https://max.ru/id69282032052807,Для родителей,63067.0,2890.0,3466.0,6.4,69.0,-902.0,-4868.0,322.0,,Продвинутая мама / Закрытый канал / Мама - самое важное слово в нашей жизни! / 📲 Подписаны 6 ваших контактов… / Пригласить друзей - vk.cc/cUg4pU / По всем вопросам  vk.cc/cSfu67 clck.ru/3SZQGB / Купить рекламу: https://telega.in/m/VsXicNxO4uoJVtvYF0xKtLhdvedyGDN8bQNTokOwwsI / № 7189464717,https://telemetr.me/max/channels/id69282032052807,cat:parents search:мамы
club211816449,Мир многодетной мамы,https://max.ru/club211816449,Для родителей,45129.0,5191.0,5265.0,11.9,222.0,5836.0,9968.0,8.0,https://max.ru/u/f9LHodD0cOIikoXos6xa18wB9Ql-Tl04itlk04RGBtKt34DmuAnRjbHCGJM @club211816449,"Мир многодетной мамы / @club211816449 / Будни многодетной мамы. / Одна воспитываю троих детей, обзоры, распаковки и много позитивных эмоций 💕 / Perfluence / Сотрудничество https://max.ru/u/f9LHodD0cOIikoXos6xa18wB9Ql-Tl04itlk04RGBtKt34DmuAnRjbHCGJM",https://telemetr.me/max/channels/club211816449,cat:parents search:мамы
id73197493205710,Школы | Родители РФ,https://max.ru/id73197493205710,Для родителей,52545.0,10641.0,12483.0,26.0,326.0,-1275.0,-7949.0,176.0,,Школы | Родители РФ / Закрытый канал / Школа не расскажет. Мы расскажем. / 💰 Выплаты 📅 Каникулы ⚡️ Новости / По рекламе: https://iimax.ru/maxbro / Партнеры: https://telega.in/m/Jeum6adjP_ew6CDP74qjt335htYUq58TPPHL37oMDtQ / Ссылка: https://max.ru/join/Jeum6adjP_ew6CDP74qjt335htYUq58TPPHL37oMDtQ,https://telemetr.me/max/channels/id73197493205710,cat:parents
id69128761313824,Моя квартира,https://max.ru/id69128761313824,Дом и ремонт,182950.0,17639.0,21494.0,14.0,280.0,2118.0,-296.0,238.0,https://max.ru/u/f9LHodD0cOJqkpQUrybshlYv_SKKlTdO7umuRADSHLRgRFEuFuMgDR9TuQU,Моя квартира / Закрытый канал / 🤗 Подписался. Взял идеи. Повторил / Реклама: https://max.ru/u/f9LHodD0cOJqkpQUrybshlYv_SKKlTdO7umuRADSHLRgRFEuFuMgDR9TuQU / Прайс (коммерция): https://max.ru/channel_redcatmedia / Ссылка на канал: vk.cc/cVPDgm / Мы на бирже: telega.in/m/eZtXlacEs8eJo6uKjNEBzE3oLy2XIptp7OOq9zf7_yM / Работаем с сервисом BidFox,https://telemetr.me/max/channels/id69128761313824,cat:house
id69128794802720,Школа ремонта,https://max.ru/id69128794802720,Дом и ремонт,137777.0,9315.0,11276.0,9.8,149.0,4025.0,711.0,238.0,https://max.ru/u/f9LHodD0cOJqkpQUrybshlYv_SKKlTdO7umuRADSHLRgRFEuFuMgDR9TuQU,Школа ремонта / Закрытый канал / Поможем сделать ремонт 👍 / Реклама: https://max.ru/u/f9LHodD0cOJqkpQUrybshlYv_SKKlTdO7umuRADSHLRgRFEuFuMgDR9TuQU / Прайс (коммерция): https://max.ru/channel_redcatmedia / Мы на бирже: telega.in/m/h_PXv9uFkV4tIlg4niUXDa4vu0EZgsmCwZKfAIpvpdw / Ссылка на канал: vk.cc/cUGYl0 / Работаем с сервисом BidFox,https://telemetr.me/max/channels/id69128794802720,cat:house
id73245522791689,Дизайн своими руками,https://max.ru/id73245522791689,Дом и ремонт,128950.0,9635.0,11742.0,10.7,194.0,-2119.0,-6492.0,403.0,,"Дизайн своими руками / Закрытый канал / 📲 Подписаны 6 ваших контактов... / Красивый и уютный дизайн - это не роскошь, а умение создавать уют из того, что уже есть. / Реклама - https://clck.ru/3RiDvr",https://telemetr.me/max/channels/id73245522791689,cat:house
id72766652570967,Интерьер и Декор,https://max.ru/id72766652570967,Дом и ремонт,126371.0,21447.0,26270.0,25.0,596.0,431.0,26432.0,172.0,,Интерьер и Декор / Закрытый канал / Подписаны 12 ваших друзей / Идеи интерьера и декора для  вашего дома / Сотрудничество/Реклама: https://iimax.ru/serejka63 / Пригласить друзей: https://max.ru/join/6SulJbctrthBRWvx9z4d8Pvxm4Om4T7UnRbZkJ2NgEE / Биржа: https://telega.in/m/6SulJbctrthBRWvx9z4d8Pvxm4Om4T7UnRbZkJ2NgEE / Работаем с https://maxln.ru/SpiralMiya,https://telemetr.me/max/channels/id72766652570967,cat:house search:интерьер
id70910889588067,Уютная Квартира,https://max.ru/id70910889588067,Дом и ремонт,97733.0,6950.0,8462.0,10.2,67.0,-1159.0,-5165.0,344.0,,"Уютная Квартира / Закрытый канал / Про ремонт, в котором хочется жить 👩‍❤️‍👨 / По рекламе: https://clck.ru/3RFZJo / Номер заявления: № 8170922433",https://telemetr.me/max/channels/id70910889588067,cat:house
id70992820204899,Ремонт своими руками,https://max.ru/id70992820204899,Дом и ремонт,88969.0,7225.0,8820.0,11.6,77.0,-969.0,-4906.0,342.0,,Ремонт своими руками / Закрытый канал / 📲 Подписаны 7 ваших контактов / По рекламе: https://clck.ru/3RFZJo / Номер заявления: № 8170905004,https://telemetr.me/max/channels/id70992820204899,cat:house
id69218953185815,Планировочка,https://max.ru/id69218953185815,Дом и ремонт,92786.0,5296.0,6440.0,8.1,60.0,2366.0,7343.0,291.0,,Планировочка / Закрытый канал / Только проверенные дизайнерские решения 💎 / Сотрудничество: vk.cc/cRMs7j / Прайс (коммерция) — max.ru/channel_tesoll / Биржа: telega.in/m/j5veoqJ0XYcRPAvmoC5v_h7884Mop9HQzwHNKrSo1bo / Материалы публикуются в ознакомительных целях. При обращении правообладателя контент будет удален. № 7791903723,https://telemetr.me/max/channels/id69218953185815,cat:house
Ahmed_stroika,Дом Стройка Дизайн Архитектура,https://max.ru/Ahmed_stroika,Дом и ремонт,88079.0,24240.0,26594.0,26.0,0.0,671.0,10286.0,9.0,https://vk.ru/ahmed_stroika @Ahmed_stroika,Дом Стройка Дизайн Архитектура / @Ahmed_stroika / Все про  бизнес и не только / Строю и создаю уют 🤝 / Семья / Предприниматель / https://vk.ru/ahmed_stroika / С-во ⤵️ / https://maxln.ru/9pwUZP,https://telemetr.me/max/channels/Ahmed_stroika,cat:house
id70317900379422,Пенсионеры в MAX,https://max.ru/id70317900379422,Дом и ремонт,87350.0,12160.0,14402.0,19.4,453.0,5618.0,10502.0,380.0,,"Пенсионеры в MAX / Закрытый канал / Мы выросли в одну эпоху и всегда найдем общий язык. Канал «Пенсионеры в MAX» — это место для общения, теплых воспоминаний и взаимной поддержки. / 🍲Проверенные рецепты из доступных продуктов / 🏡Полезные хитрости для дома и дачи / 🌿Секреты здоровья и бодрости в любом возрасте / Сотрудничество: https://clck.ru/3RFtCE / Купить рекламу: https://telega.in/m/4KrUH6HG3pluz4MMyL2O76OuGI_sOTmKKqYcw72kNOA",https://telemetr.me/max/channels/id70317900379422,cat:house
id73293041839399,Порядок в доме,https://max.ru/id73293041839399,Дом и ремонт,75061.0,5506.0,6791.0,11.0,93.0,-743.0,-3341.0,244.0,max.ru/u/f9LHodD0cOJqkpQUrybshlYv_SKKlTdO7umuRADSHLRgRFEuFuMgDR9TuQU,"Порядок в доме / Закрытый канал / Уборка, чистота и порядок — это так просто, нужно лишь знать маленькие секреты 😋 / Реклама: max.ru/u/f9LHodD0cOJqkpQUrybshlYv_SKKlTdO7umuRADSHLRgRFEuFuMgDR9TuQU / Прайс (коммерция): max.ru/channel_redcatmedia/AZ9Ywl3BWqw / Ссылка на канал: clck.ru/3VU9vx / Мы на бирже: telega.in/m/YKb8J0qlBz5W3_m82usJwsiBxAgoQ9fNc4Ovw98092M / Работаем с сервисом BidFox",https://telemetr.me/max/channels/id73293041839399,cat:house search:порядок
min2ru,Кухня наизнанку,https://max.ru/min2ru,Кулинария,502894.0,154344.0,188129.0,46.3,7489.0,6514.0,23515.0,100.0,@min2ru,Кухня наизнанку / @min2ru / Авторский канал! Рецепты без правил. Удобная навигация!,https://telemetr.me/max/channels/min2ru,cat:food
id68792204916208,Аэрогриль | Рецепты,https://max.ru/id68792204916208,Кулинария,374282.0,34929.0,40871.0,12.6,270.0,-1843.0,-9524.0,292.0,,Аэрогриль | Рецепты / Закрытый канал / Вкусные и очень простые рецепты для всех моделей аэрогрилей 😋 / По рекламе: https://iimax.ru/eva_commerce / Аналитика канала - https://maxframe.ru/channel-profile/68792204916208/,https://telemetr.me/max/channels/id68792204916208,cat:food search:аэрогриль
odezhda_stil_moda,Рецепты,https://max.ru/odezhda_stil_moda,Кулинария,318104.0,25411.0,30715.0,11.5,506.0,3188.0,9266.0,284.0,@odezhda_stil_moda,Рецепты / @odezhda_stil_moda / Рецепты / Сотрудничество: https://iimax.ru/serejka63 / ТГ ин: https://telega.in/m/odezhda_stil_moda,https://telemetr.me/max/channels/odezhda_stil_moda,cat:food
id68819370112496,Домашние рецепты — быстро и вкусно,https://max.ru/id68819370112496,Кулинария,290765.0,16299.0,19230.0,7.7,258.0,-2224.0,-10905.0,314.0,https://max.ru/u/f9LHodD0cOJol4UO8egofWYPRaLflD2N6RQnuN_Zd317FpGDo6De9vNpoXM https://t.me/ad_andrew,Домашние рецепты — быстро и вкусно / Закрытый канал / Лучшие рецепты со всего интернета. / Ссылка на канал: https://max.ru/join/7IM53rSmXA2MZAjQkkkag9ciSeHdej0tHUcbmmNzfZo / Связь: https://max.ru/u/f9LHodD0cOJol4UO8egofWYPRaLflD2N6RQnuN_Zd317FpGDo6De9vNpoXM / Связь в Телеграм: https://t.me/ad_andrew,https://telemetr.me/max/channels/id68819370112496,cat:food search:рецепты
psihologi_vmax,ЛЕГКИЕ РЕЦЕПТЫ,https://max.ru/psihologi_vmax,Кулинария,312194.0,91649.0,121287.0,55.5,2058.0,4938.0,76852.0,71.0,@psihologi_vmax,ЛЕГКИЕ РЕЦЕПТЫ / @psihologi_vmax / Рецепт) / Легкие видео рецепты / 💼 Реклама: 6max.ru/oliva / Биржа: telega.in/m/psihologi_vmax,https://telemetr.me/max/channels/psihologi_vmax,cat:food
zagotovki_varenya,🥗 Рецепты,https://max.ru/zagotovki_varenya,Кулинария,243858.0,18039.0,22191.0,11.1,188.0,-418.0,-3470.0,223.0,@zagotovki_varenya,🥗 Рецепты / @zagotovki_varenya / рецепты / 👉 Купить рекламу в канале — s.marketly.ru/PeFqxP9a / https://okmx.ru/MNGmedia / Заявка в РКН № 8176943131,https://telemetr.me/max/channels/zagotovki_varenya,cat:food
id68688279762416,Готовим в мультиварке | Рецепты,https://max.ru/id68688279762416,Кулинария,240683.0,14550.0,17258.0,8.1,160.0,1837.0,3875.0,312.0,,Готовим в мультиварке | Рецепты / Закрытый канал / Быстрые и простые рецепты для мультиварки / Ссылка на канал: https://clck.ru/3S2YGG / Сотрудничество: / https://clck.ru/3QDNhc / https://clck.ru/3QGEQz,https://telemetr.me/max/channels/id68688279762416,cat:food
id71169385242640,Простые Рецепты,https://max.ru/id71169385242640,Кулинария,223312.0,16434.0,19778.0,10.5,197.0,44.0,862.0,363.0,,"Простые Рецепты / Закрытый канал / Добро пожаловать в группу ""Простые Рецепты"" / Связь: https://iimax.ru/roman1703 / Ссылка на канал: https://max.ru/join/PftMG8-fBJ1f5peFGIRAwRsrv3cIn7A-qPkHdBeQ9BA",https://telemetr.me/max/channels/id71169385242640,cat:food
recepti_duhovke,Рецепты в духовке,https://max.ru/recepti_duhovke,Кулинария,214469.0,17697.0,21271.0,11.9,272.0,4154.0,8652.0,350.0,@recepti_duhovke,Рецепты в духовке / @recepti_duhovke / Большой сборник вкусных рецептов в духовке 🤗 / № 8142674371 / По вопросам : https://iimax.ru/andreevich,https://telemetr.me/max/channels/recepti_duhovke,cat:food
bimburm,РЕЦЕПТЫ ЗА КОПЕЙКИ,https://max.ru/bimburm,Кулинария,204732.0,43302.0,56341.0,30.4,664.0,853.0,7101.0,63.0,@bimburm,"РЕЦЕПТЫ ЗА КОПЕЙКИ / @bimburm / Добро пожаловать в канал «РЕЦЕПТЫ ЗА КОПЕЙКИ»! / Здесь вы найдете уютные рецепты, проверенные советы и вдохновение для создания вкусных и настоящих домашних блюд. Каждое блюдо — это отражение тепла и заботы, ведь готовить с душой — значит дарить радость близким и себе. / Присоединяйтесь к нашей дружной семье кулинаров и любителей вкусной еды! / Купить рекламу: https://vk.cc/cUp4Cq",https://telemetr.me/max/channels/bimburm,cat:food
id68626532788807,На все руки,https://max.ru/id68626532788807,Лайфхаки,264273.0,24241.0,30010.0,13.6,646.0,2432.0,-1196.0,312.0,,"На все руки / Закрытый канал / 📲 Подписаны 6 ваших контактов… / По всем вопросам - vk.cc/cSfu67, clck.ru/3SZQGB / Купить рекламу: https://telega.in/m/lAddfJEQOU9ek_Tb-aBt2xIpvCbSxuvxT47K45y9suI",https://telemetr.me/max/channels/id68626532788807,cat:lifehack
id69369542931952,Домашний Очаг,https://max.ru/id69369542931952,Лайфхаки,252972.0,15359.0,18671.0,8.9,485.0,-2228.0,-10795.0,312.0,https://max.ru/u/f9LHodD0cOJol4UO8egofWYPRaLflD2N6RQnuN_Zd317FpGDo6De9vNpoXM https://t.me/ad_andrew,Домашний Очаг / Закрытый канал / Сборник лайфхаков для дома и не только ❤️ / Ссылка на канал: https://max.ru/join/pFIC1U2blx2-6Z9uzgwQblQhjwsl08emOCDMuLhl04Q / Связь: https://max.ru/u/f9LHodD0cOJol4UO8egofWYPRaLflD2N6RQnuN_Zd317FpGDo6De9vNpoXM / Связь в Телеграм: https://t.me/ad_andrew,https://telemetr.me/max/channels/id69369542931952,cat:lifehack
id70105878416090,Хитрости от хозяйки,https://max.ru/id70105878416090,Лайфхаки,241804.0,33166.0,40561.0,20.2,1029.0,9512.0,36921.0,370.0,,Хитрости от хозяйки / Закрытый канал / 📲 Подписаны 6 ваших контактов... / Всё в помощь хозяйкам. Век живи - век учись! / По всем вопросам: https://vk.cc/cU4s52 / Купить рекламу: https://telega.in/m/LDzk1_J5qgfHOa3qy3P0bFypHeKnZYnJdh1U9tW7V3E,https://telemetr.me/max/channels/id70105878416090,cat:lifehack
id69577546855920,Бытовые хитрости,https://max.ru/id69577546855920,Лайфхаки,225812.0,18470.0,22519.0,11.7,392.0,1141.0,-158.0,323.0,,"Бытовые хитрости / Закрытый канал / Подписаны 8 ваших контактов… / Быт - не проблема! Быстрые решения, неожиданные лайфхаки и проверенные методы для идеального дома. / По всем вопросам - iimax.ru/betsky / Для друзей - https://max.ru/join/2s0pDvRe84wxNsyXiLq1OXFO3gmsAFCPUcEKTqzUgcU",https://telemetr.me/max/channels/id69577546855920,cat:lifehack search:лайфхаки
id68992917441056,Домашние Хитрости,https://max.ru/id68992917441056,Лайфхаки,206543.0,14193.0,17447.0,10.0,315.0,-1003.0,304.0,317.0,,"Домашние Хитрости / Закрытый канал / Здесь ты найдешь простые и гениальные советы, как навести идеальный порядок без лишних усилий и затрат❤️ / Ссылка на канал: https://clck.ru/3S2YP4 / Сотрудничество: / https://clck.ru/3QGEQz / https://clck.ru/3QDNhc",https://telemetr.me/max/channels/id68992917441056,cat:lifehack search:домашние хитрости
id69858854622650,Пенсионеры 👴🏻👵🏻,https://max.ru/id69858854622650,Лайфхаки,178535.0,21995.0,26590.0,17.4,650.0,-1636.0,-10397.0,390.0,,"Пенсионеры 👴🏻👵🏻 / Закрытый канал / Приветствуем в нашем сообществе тех, кто молод душой! Наша цель — делиться идеями, которые делают каждый день ярче и полезнее. 🥰 / Сотрудничество: https://clck.ru/3QHuA6 / Менеджеры: https://iimax.ru/alex_manager и https://iimax.ru/nikitos",https://telemetr.me/max/channels/id69858854622650,cat:lifehack
id69105566007417,Лайфхаки💡,https://max.ru/id69105566007417,Лайфхаки,147159.0,14748.0,18085.0,14.6,368.0,1138.0,550.0,386.0,,"Лайфхаки💡 / Закрытый канал / Советы, которые упростят рутинные дела и сэкономят время ❤️ / Сотрудничество: https://clck.ru/3QHuA6 / Менеджеры: https://iimax.ru/alex_manager и https://iimax.ru/nikitos",https://telemetr.me/max/channels/id69105566007417,cat:lifehack
id73834151939337,Дом без забот,https://max.ru/id73834151939337,Лайфхаки,131376.0,15499.0,18918.0,16.9,473.0,-568.0,1645.0,405.0,,Дом без забот / Закрытый канал / 📲 Подписаны 6 ваших контактов... / Сборник лайфхаков и хитростей для хозяек! / Реклама - https://clck.ru/3RiDvr,https://telemetr.me/max/channels/id73834151939337,cat:lifehack
id73837208167779,Хитрости Домохозяйки,https://max.ru/id73837208167779,Лайфхаки,138982.0,15600.0,19094.0,16.6,287.0,7882.0,18446.0,337.0,,"Хитрости Домохозяйки / Закрытый канал / • Советы и хитрости, упрощающие жизнь☺️ / По рекламе: https://clck.ru/3RFZJo / Номер заявления: № 8170861917",https://telemetr.me/max/channels/id73837208167779,cat:lifehack search:уборка/хозяйка
id69128786676256,Домашние хитрости,https://max.ru/id69128786676256,Лайфхаки,118661.0,7044.0,8510.0,8.5,149.0,-739.0,-3666.0,240.0,https://max.ru/u/f9LHodD0cOJqkpQUrybshlYv_SKKlTdO7umuRADSHLRgRFEuFuMgDR9TuQU,Домашние хитрости / Закрытый канал / Домашняя рутина - это просто! 💡 / Реклама: https://max.ru/u/f9LHodD0cOJqkpQUrybshlYv_SKKlTdO7umuRADSHLRgRFEuFuMgDR9TuQU / Прайс (коммерция): https://max.ru/channel_redcatmedia / Ссылка на канал: vk.cc/cUm6u1 / Мы на бирже: telega.in/m/OKRKK2ftLHn2pfWxqU6rU_AALS8H_wkXPKa5wetmqTA / Работаем с сервисом,https://telemetr.me/max/channels/id69128786676256,cat:lifehack
id70425767485471,Мода Plus Size,https://max.ru/id70425767485471,Красота и мода,121297.0,14460.0,17586.0,16.9,457.0,-1113.0,-8079.0,251.0,@advertisingu,"Мода Plus Size / Закрытый канал / Крупнейший канал в Max о моде Plus-Size / По сотрудничеству / Max: https://clck.ru/3QFx9S / Tg: @advertisingu / Ссылка для друзей: https://max.ru/join/LrDkZAhL5gPRxqudeq9dj9zgUEDHhiLuGC3A8JMIGDg / Подписаны 13 ваших подруг! / Контент носит ознакомительный и познавательный характер, авторские права не нарушаем, по запросу устраняем нарушения авторских прав",https://telemetr.me/max/channels/id70425767485471,cat:beauty
id71357330126167,По Моде l Тренды 2026,https://max.ru/id71357330126167,Красота и мода,116904.0,13259.0,16173.0,16.8,374.0,-881.0,-4144.0,158.0,https://max.ru/u/f9LHodD0cOLj1uVzkxrmzrbQKeuEAxdVyBAavCjiw83ueuJewjs9VBAjH0w,По Моде l Тренды 2026 / Закрытый канал / Подписаны 12 Ваших друзей / Подборка вдохновений для твоего гардероба ✨ / Сотрудничество/Реклама: https://max.ru/u/f9LHodD0cOLj1uVzkxrmzrbQKeuEAxdVyBAavCjiw83ueuJewjs9VBAjH0w / Пригласить подругу: https://max.ru/join/7PEj2IeFfKu2Yw746XU-LikqtHyJApchZHk-xYDzsS8 / Биржа: https://telega.in/m/7PEj2IeFfKu2Yw746XU-LikqtHyJApchZHk-xYDzsS8 / Менеджер: https://maxln.ru/SpiralMiya,https://telemetr.me/max/channels/id71357330126167,cat:beauty
id72354694477236,КРАСИВЫЕ ПРИЧЕСКИ,https://max.ru/id72354694477236,Красота и мода,96890.0,10465.0,13269.0,16.7,390.0,-149.0,-4156.0,243.0,@advertisingu,"КРАСИВЫЕ ПРИЧЕСКИ / Закрытый канал / 1000 и 1 идея прически на каждый день / Ссылка на канал для подруги: https://max.ru/join/EACpKB1jnXNmAYohx8wxlrt_YejPfmm6As3Erlh5E0c / По сотрудничеству / Max: https://clck.ru/3QFx9S / Tg: @advertisingu / Контент носит ознакомительный и познавательный характер, авторские права не нарушаем, по запросу устраняем нарушения авторских прав",https://telemetr.me/max/channels/id72354694477236,cat:beauty
rivegaucheru,РИВ ГОШ,https://max.ru/rivegaucheru,Красота и мода,103927.0,1195.0,1476.0,1.8,73.0,4937.0,14375.0,25.0,@rivegaucheru,"РИВ ГОШ / @rivegaucheru / Добро пожаловать в официальный канал РИВ ГОШ! / Это сообщество единомышленников, вдохновлённых красотой. Здесь узнают об интересных новинках и выгодных акциях.",https://telemetr.me/max/channels/rivegaucheru,cat:beauty
id70905942777908,Идеи маникюра,https://max.ru/id70905942777908,Красота и мода,96548.0,12168.0,14579.0,18.0,161.0,7621.0,8466.0,450.0,,Идеи маникюра / Закрытый канал / Заявки принимаем моментально 😍❤️ Канал с лучшими идеями маникюра. / Связь: https://vk.cc/cS58xt / iimax.ru/akulaand / Жми чтобы попасть в канал👇👇👇,https://telemetr.me/max/channels/id70905942777908,cat:beauty
ellamachilskaya,ellamachilskaya,https://max.ru/ellamachilskaya,Красота и мода,92284.0,25701.0,29487.0,36.8,1011.0,7060.0,5775.0,97.0,@ellamachilskaya,ellamachilskaya / @ellamachilskaya,https://telemetr.me/max/channels/ellamachilskaya,cat:beauty
id540135022086_biz,Pro_rush❤️ WB Обзоры. Стиль. Мода,https://max.ru/id540135022086_biz,Красота и мода,79029.0,27731.0,33217.0,51.1,213.0,1302.0,5093.0,82.0,@id540135022086_biz,"Pro_rush❤️ WB Обзоры. Стиль. Мода / @id540135022086_biz / Те самые, ОБЗОРЫ ИЗ ГАРДЕРОБНОЙ 🛍️ / НЕ СТИЛИСТ, но говорят со мной ЛУЧШЕ🥰 / Лучшие WB обзоры КАЖДЫЙ ДЕНЬ❤️ / Заявление № 7246414043",https://telemetr.me/max/channels/id540135022086_biz,cat:beauty
manikyur_dizajn_nogtej,Маникюр Ногти,https://max.ru/manikyur_dizajn_nogtej,Красота и мода,74094.0,14836.0,18916.0,28.6,148.0,539.0,1735.0,113.0,@manikyur_dizajn_nogtej,"Маникюр Ногти / @manikyur_dizajn_nogtej / Маникюр Ногти - модные дизайны, красивые идеи, новинки осень-зима 2026, фото и видео / реклама - telega.in/m/manikyur_dizajn_nogtej",https://telemetr.me/max/channels/manikyur_dizajn_nogtej,cat:beauty
id69021524492505,Твой маникюр,https://max.ru/id69021524492505,Красота и мода,74948.0,12389.0,14970.0,24.2,219.0,2969.0,6374.0,349.0,,Твой маникюр / Закрытый канал / Твой маникюр - лучшие дизайны ❤️ / Ссылка для друзей: iimax.ru/Tvoy_manik / По вопросам: https://iimax.ru/andreevich,https://telemetr.me/max/channels/id69021524492505,cat:beauty
woman_ru,Woman.ru,https://max.ru/woman_ru,Красота и мода,69894.0,15989.0,18552.0,29.2,302.0,-198.0,-1074.0,508.0,https://max.ru/u/f9LHodD0cOKsy4URHG2b_yh7KN8GtvgGww1IctQRRmT5f-2T433bzsmetS0 @woman_ru,"Woman.ru / @woman_ru / Интернет для женщин: звезды, мода, красота и новости шоу-бизнеса / По рекламе: https://max.ru/u/f9LHodD0cOKsy4URHG2b_yh7KN8GtvgGww1IctQRRmT5f-2T433bzsmetS0 / Контакт для обратной связи: 8(918)273-93-10 / Статистика канала: https://maxdash.ru/channel/woman_ru / Регистрация в реестре РКН: https://gosuslugi.ru/snet/69c0f043c249b090d7c1c5c2",https://telemetr.me/max/channels/woman_ru,cat:beauty
id69457206422066,Кузница Здоровья,https://max.ru/id69457206422066,Медицина и здоровье,355687.0,23507.0,28446.0,9.5,600.0,3996.0,6671.0,355.0,,"Кузница Здоровья / Закрытый канал / Советы и рецепты для вашего здоровья ❤️ / Реклама: https://iimax.ru/Jonny7 / ❗️ Медицинских рекомендаций не даем, весь контент в канале носит информационно-познавательный характер, перед применением обязательно проконсультируйтесь с врачом. / Ссылка - https://iimax.ru/Kuznicazdorovya",https://telemetr.me/max/channels/id69457206422066,cat:health
id68426205850225,Биохакеры,https://max.ru/id68426205850225,Медицина и здоровье,260730.0,16092.0,19371.0,8.9,340.0,3830.0,13565.0,199.0,,"Биохакеры / Закрытый канал / iimax.ru/biohakrs / а так же: iimax.ru/biokhaking, iimax.ru/zdorovey_krasota / Наконец-то нормальный канал про биохакинг, а не это вот всё. / Сотрудничество: iimax.ru/vilmolodoy",https://telemetr.me/max/channels/id68426205850225,cat:health
id69773955888624,Будь Здоров💊 Домашний доктор,https://max.ru/id69773955888624,Медицина и здоровье,243738.0,10812.0,12956.0,6.3,188.0,-2542.0,-12541.0,281.0,https://max.ru/u/f9LHodD0cOLj1uVzkxrmzrbQKeuEAxdVyBAavCjiw83ueuJewjs9VBAjH0w,"Будь Здоров💊 Домашний доктор / Закрытый канал / Ваше здоровье в Ваших руках, будьте здоровы / Сотрудничество/Реклама: https://max.ru/u/f9LHodD0cOLj1uVzkxrmzrbQKeuEAxdVyBAavCjiw83ueuJewjs9VBAjH0w / Пригласить друзей: https://max.ru/join/awq2PQmAUPUiZ7UoDXvQXYVPakHehU6CLQc2yLkoG-A / Биржа: https://telega.in/m/awq2PQmAUPUiZ7UoDXvQXYVPakHehU6CLQc2yLkoG-A / Менеджер: https://maxln.ru/SpiralMiya",https://telemetr.me/max/channels/id69773955888624,cat:health
channel_zdorovie_doctor,Подорожник | Здоровье,https://max.ru/channel_zdorovie_doctor,Медицина и здоровье,237062.0,13644.0,16112.0,8.1,304.0,-2314.0,-11366.0,243.0,@channel_zdorovie_doctor,"Подорожник | Здоровье / @channel_zdorovie_doctor / Здоровье, лечение, профилактика в нашем канале от врачей и докторов / Сотрудничество: https://vk.cc/cUMauf / Информация носит образовательный характер и не заменяет консультацию врача.",https://telemetr.me/max/channels/channel_zdorovie_doctor,cat:health
id71701622202423,Секреты здоровья,https://max.ru/id71701622202423,Медицина и здоровье,225699.0,15284.0,18924.0,10.0,391.0,1026.0,-4036.0,240.0,,Секреты здоровья / Закрытый канал / Будьте здоровы!🍋 / Подпишись: дороже здоровья только лечение! / Реклама: https://clck.su/Fezqp / Менеджер https://clck.ru/3QoaPj / https://maxln.ru/SpiralMiya / ⚠ Информация предоставлена в ознакомительных целях и не заменяет медицинскую помощь. / https://gosuslugi.ru/snet/6a688ee397fd3cb53fdee65 / Купить рекламу в канале — s.marketly.ru/MPUgGS79,https://telemetr.me/max/channels/id71701622202423,cat:health
id71060129131136,Здоровье женщины,https://max.ru/id71060129131136,Медицина и здоровье,210164.0,16883.0,20566.0,11.5,351.0,-2434.0,9460.0,403.0,,"Здоровье женщины / Закрытый канал / 📲 Подписаны 5 ваших контактов... / Позаботьтесь о себе и своем здоровье вместе с нами! 💊 / Реклама - https://clck.ru/3RiDvr / ❗️ Медицинских рекомендаций не даем, весь контент в канале носит информационно-познавательный характер, перед применением обязательно проконсультируйтесь с врачом.",https://telemetr.me/max/channels/id71060129131136,cat:health
id70906745386483,Здоровое тело,https://max.ru/id70906745386483,Медицина и здоровье,200056.0,12478.0,14924.0,8.7,257.0,-2841.0,-15944.0,355.0,,Здоровое тело / Закрытый канал / 206.392 подписчиков / 📲 Подписаны 6 ваших контактов... / Cсылкa для друзей: https://max.ru/join/xWsOdrd-9JDkQmFC0YkxjC2pSj8vI7JSWeHZUr2BstE / Cотрудничество: https://vk.cc/cSksMt iimax.ru/diggsale,https://telemetr.me/max/channels/id70906745386483,cat:health
id71630872553545,Панацея | Здоровье,https://max.ru/id71630872553545,Медицина и здоровье,194961.0,14650.0,17424.0,10.3,374.0,-834.0,-6020.0,297.0,,"Панацея | Здоровье / Закрытый канал / Подписаны 14 ваших друзей / Подписывайтесь, если хотите жить долгую и здоровую жизнь✅ / Связь - https://clck.ru/3SU56f clck.ru/3SpQV2 https://clck.ru/3QkaJ6 / Менеджер: https://maxln.ru/SpiralMiya",https://telemetr.me/max/channels/id71630872553545,cat:health
martynovevgueni,ЗдравКонтроль,https://max.ru/martynovevgueni,Медицина и здоровье,173912.0,24623.0,27878.0,18.1,188.0,1758.0,7537.0,101.0,@martynovevgueni,"ЗдравКонтроль / @martynovevgueni / Первый медицинский на МАКС! / Канал для тех, у кого есть полис ОМС / Аудитория проекта в МАКС и Телеграм 1 млн.+ / Защита прав пациентов и врачей. / Официальный канал проекта «ЗдравКонтроль» / Регистрация в РКН https://clck.ru/3Sr4P6 / Медчаты: https://zdravcontrol.ru/links2 / Реклама на канале: https://clc.li/kIlKS",https://telemetr.me/max/channels/martynovevgueni,cat:health
id68462636296811,Моё Здоровье❤️‍🩹,https://max.ru/id68462636296811,Медицина и здоровье,164602.0,11771.0,13858.0,9.7,268.0,-1985.0,-10934.0,306.0,,Моё Здоровье❤️‍🩹 / Закрытый канал / Подписаны 4 ваших контакта..🔔 / Заявки принимаются автоматически. / Здесь вы найдете множество советов по здоровью❤️‍🩹 / Информация несет образовательный характер и не заменяет консультацию врача. / Сотрудничество: https://clck.ru/3QPom2 / Связь: https://iimax.ru/sudaar / №7970928056,https://telemetr.me/max/channels/id68462636296811,cat:health
id71945197535350,Халявщики Лайф,https://max.ru/id71945197535350,"Халява, скидки, акции",381639.0,43380.0,47479.0,12.8,71.0,5793.0,23969.0,861.0,https://t.me/reklama_halyavshik,"Халявщики Лайф / Закрытый канал / Скидки, промокоды, бесплатное, обзоры, обсуждения - всё это в нашем новом лайф канале. Welcome✌🏼 / Канал включен в перечень РКН: https://gosuslugi.ru/snet/69bd43c22af1450363446667 / По рекламе: https://t.me/reklama_halyavshik",https://telemetr.me/max/channels/id71945197535350,cat:free
id71341535223974,Купи дешевле | Находки на Wildberries,https://max.ru/id71341535223974,"Халява, скидки, акции",209162.0,20334.0,24192.0,13.2,68.0,17615.0,16256.0,346.0,,"Купи дешевле | Находки на Wildberries / Закрытый канал / Ищем полезные и дешевые находки на маркетплейсах. Подписывайся, чтобы не пропустить! / реклама товаров - https://clck.ru/3SiGke / Владелец - https://twi.kz/Vr0P / Поделиться с другом - https://max.ru/join/yI4VVS-hwT3xeiynioiyI1nnBhWgR9ukxB2gzbgl0Z0",https://telemetr.me/max/channels/id71341535223974,cat:free
skidka_naidena,Скидки Промокоды Озон Вайлдберриз | Скидка Найдена!🔔,https://max.ru/skidka_naidena,"Халява, скидки, акции",200845.0,12165.0,12883.0,6.7,20.0,2982.0,7950.0,2020.0,@skidka_naidena,"Скидки Промокоды Озон Вайлдберриз | Скидка Найдена!🔔 / @skidka_naidena / Канал №1 по скидкам в MAX! / Зачем переплачивать на ВБ и Озоне, если есть я? 😎 / Привет, меня зовут Аня! Ежедневно мониторю Маркетплейсы в поисках самых сочных скидок и багов цен🔥 / Связь/реклама: / В MAX: https://clck.ru/3ToRLz / В ТГ: https://clck.ru/3ToRN3 / Реклама в Telega.in: https://telega.in/m/skidka_naidena",https://telemetr.me/max/channels/skidka_naidena,cat:free
club223320845,Открытки,https://max.ru/club223320845,"Халява, скидки, акции",194334.0,32551.0,37309.0,21.3,405.0,-850.0,-3518.0,575.0,@club223320845,"Открытки / @club223320845 / Лучшие открытки и поздравления на каждый день и праздник! / По вопросам рекламы - https://vk.cc/cRUO6P / Если долго нет ответа, пишите сюда - https://clck.ru/3RdrWs",https://telemetr.me/max/channels/club223320845,cat:free
id71840730142886,WB Sniper | Находки с Wildberries | Скидки | Акции,https://max.ru/id71840730142886,"Халява, скидки, акции",195304.0,18414.0,22283.0,12.8,70.0,-3039.0,8594.0,343.0,,WB Sniper | Находки с Wildberries | Скидки | Акции / Закрытый канал / Подписано 11 ваших друзей / Твой личный эксперт лучших предложений WB 🛍 / реклама товаров - https://clck.ru/3SiGke / Владелец - https://twi.kz/Vr0P / Поделиться с другом - https://max.ru/join/h959WMXs46pO-72R_Nnwu3xBrI0Y8p26IPKP9LLCRnk,https://telemetr.me/max/channels/id71840730142886,cat:free
id68806214634220,Дёшево и точка | Wildberries находки,https://max.ru/id68806214634220,"Халява, скидки, акции",213258.0,26671.0,32514.0,18.7,199.0,-7334.0,40314.0,288.0,t.me/baidalini,Дёшево и точка | Wildberries находки / Закрытый канал / Подписаны 7 Ваших контактов. / У нас всё по любви и по скидке🩷 / Ссылка на канал: https://clck.ru/3VHGXN / Связь в Макс: clck.ru/3Q6VoB / Связь в telegram: t.me/baidalini,https://telemetr.me/max/channels/id68806214634220,cat:free
id75476514936869,Находки с WB / OZON😍,https://max.ru/id75476514936869,"Халява, скидки, акции",195778.0,26578.0,32238.0,20.1,157.0,1942.0,39116.0,383.0,,Находки с WB / OZON😍 / Закрытый канал / Подписывайтесь! Заявки принимаем автоматически💕 / Ссылка на канал: / https://max.ru/join/VqJnWxT1ul4yO9QczjCmHxqO6w3LjtKPtcXbmmjGN00 / Реклама: https://clck.ru/3QUwiq,https://telemetr.me/max/channels/id75476514936869,cat:free
id71945280372854,Халявщики - Молния,https://max.ru/id71945280372854,"Халява, скидки, акции",189138.0,12461.0,13463.0,7.5,17.0,3379.0,9537.0,1676.0,https://t.me/reklama_halyavshik,"Халявщики - Молния / Закрытый канал / Молния - канал про реальные скидки в крупных магазинах. Находим ошибки в ценах, лучшие акции и промокоды и знаем, как купить всё гораздо дешевле. / Перечень РКН: https://gosuslugi.ru/snet/69c140743b354c81f854a5b2 / По рекламе: https://t.me/reklama_halyavshik",https://telemetr.me/max/channels/id71945280372854,cat:free
skidkimamaa,СКИДКИ_MAMA,https://max.ru/skidkimamaa,"Халява, скидки, акции",121045.0,10236.0,10852.0,9.2,7.0,811.0,2653.0,1750.0,https://max.ru/u/f9LHodD0cOIMff6STPQSZe1lgz6C9UKAvjbNSoQqyLrOa3HjNuSDCSbD1Gs @skidkimamaa,СКИДКИ_MAMA / @skidkimamaa / MB26 / По рекламе ✍️ https://max.ru/u/f9LHodD0cOIMff6STPQSZe1lgz6C9UKAvjbNSoQqyLrOa3HjNuSDCSbD1Gs / СКИДКИ / АКЦИИ,https://telemetr.me/max/channels/skidkimamaa,cat:free
id72952105228454,Скидки Дня | Находки с Wildberries | Скидки | Акции,https://max.ru/id72952105228454,"Халява, скидки, акции",135505.0,14822.0,17473.0,14.7,51.0,7404.0,20633.0,360.0,,"Скидки Дня | Находки с Wildberries | Скидки | Акции / Закрытый канал / Подписано 11 ваших друзей / Ищем полезные и дешевые находки на маркетплейсах. Подписывайся, чтобы не пропустить! / реклама товаров - https://clck.ru/3SiGke / Владелец - https://twi.kz/Vr0P / Поделиться с другом - https://max.ru/join/LUtmfgoEEOkOWIEUDd8ul0DbZDftgiS_6YWBPFCtu08",https://telemetr.me/max/channels/id72952105228454,cat:free
wildberriesru_official,WILDBERRIES,https://max.ru/wildberriesru_official,Маркетплейсы,415785.0,36746.0,41497.0,11.4,719.0,6227.0,9728.0,153.0,@wildberriesru_official,WILDBERRIES / @wildberriesru_official / 💜 Крупнейший российский маркетплейс / 💜 Быстрая доставка круглый год в будни и выходные / РКН: https://clck.ru/3TaHwd,https://telemetr.me/max/channels/wildberriesru_official,cat:marketplace
Wildberrieesss,WILDBERRIES🔥,https://max.ru/Wildberrieesss,Маркетплейсы,160682.0,27754.0,31855.0,21.9,84.0,-2213.0,-7433.0,890.0,@Wildberrieesss,"WILDBERRIES🔥 / @Wildberrieesss / 🤫Секретные скидки на Wildberries / ⚠️ Цены быстро меняются, успей приобрести по более выгодной. / По всем вопросам: https://clck.ru/3RmeVb",https://telemetr.me/max/channels/Wildberrieesss,cat:marketplace
id73434371479718,По Карману | Находки на Wildberries,https://max.ru/id73434371479718,Маркетплейсы,141679.0,13818.0,16152.0,13.1,47.0,10770.0,4115.0,341.0,,"По Карману | Находки на Wildberries / Закрытый канал / Подписано 11 ваших друзей / Ищем полезные и дешевые находки на маркетплейсах. Подписывайся, чтобы не пропустить! / реклама товаров - https://clck.ru/3SiGke / Владелец - https://twi.kz/Vr0P / Поделиться с другом - https://max.ru/join/mwE8Adbie7sB5fNX4TJyjZq9qVjC-UTIYlFUGrdrOHc",https://telemetr.me/max/channels/id73434371479718,cat:marketplace
club223477564,ВБ,https://max.ru/club223477564,Маркетплейсы,150178.0,51362.0,71811.0,71.5,3652.0,1225.0,85608.0,103.0,@club223477564,ВБ / @club223477564 / ВБ товары. / 💼 Реклама: 6max.ru/oliva / Биржа: telega.in/m/club223477564,https://telemetr.me/max/channels/club223477564,cat:marketplace
id75779101382822,Дисконт | Находки на Wildberries,https://max.ru/id75779101382822,Маркетплейсы,106983.0,13043.0,15513.0,16.3,44.0,8931.0,11027.0,346.0,,"Дисконт | Находки на Wildberries / Закрытый канал / Подписано 11 ваших друзей / Ищем полезные и дешевые находки на маркетплейсах. Подписывайся, чтобы не пропустить! / реклама товаров - https://clck.ru/3SiGke / админ - https://twi.kz/Vr0P / Поделиться с другом - https://max.ru/join/Ohvfi7NR30Q9wINjOmcl58T81kfrDPqijAE0h1Rmty8",https://telemetr.me/max/channels/id75779101382822,cat:marketplace
id71489455637234,"WB City | Скидки, Находки Wildberries",https://max.ru/id71489455637234,Маркетплейсы,88270.0,3330.0,4012.0,5.4,10.0,-355.0,-2360.0,215.0,t.me/alica_sm,"WB City | Скидки, Находки Wildberries / Закрытый канал / Интересные находки с маркетплейсов по привлекательной цене 🔥 / Разместить товар - t.me/alica_sm или https://vk.cc/cXARHI (связь в MAX) / Админ - https://clck.ru/3RyaV6 / Ссылка на канал: https://vk.cc/cVSMuy",https://telemetr.me/max/channels/id71489455637234,cat:marketplace
meow1meow_meow,мой уголок WB/OZON,https://max.ru/meow1meow_meow,Маркетплейсы,88886.0,14441.0,18932.0,27.2,459.0,9286.0,16364.0,173.0,@meow1meow_meow,"мой уголок WB/OZON / @meow1meow_meow / самые крутые находки на WB/OZON / Озон, Вб, заказ, скидки, подборки, одежда, мерч, обувь,Вайлдбериз, вайлберис, вайлбериз. / По вопросам рекламы: https://iimax.ru/azulo4ka / Купить рекламу: https://telega.in/m/meow1meow_meow",https://telemetr.me/max/channels/meow1meow_meow,cat:marketplace search:находки WB/Ozon
id74639522301310,СКИДОЧКА #OZON #WB #ЯндексМаркет скидки,https://max.ru/id74639522301310,Маркетплейсы,56974.0,13567.0,15942.0,31.8,70.0,3491.0,57349.0,518.0,,,https://telemetr.me/max/channels/id74639522301310,cat:marketplace
id78086888344075,Выгодный WB/OZON,https://max.ru/id78086888344075,Маркетплейсы,38081.0,9936.0,11984.0,36.5,64.0,705.0,15044.0,276.0,,"Выгодный WB/OZON / Закрытый канал / Подписаны ваших 14 друзей / Скидки, распродажи, ликвидации товаров. / Постоянно мониторим цены на WB, OZON,  Яндекс Маркет. / Ссылка на канал - https://max.ru/join/hrlczQCWYR5UBoy_HHHQ_gEb6RrPZzUuUM7t6K5he8Q / По рекламе https://clck.ru/3SPunn / Здесь можно купить рекламу: https://telega.in/?r=q2-uSq9n",https://telemetr.me/max/channels/id78086888344075,cat:marketplace
id76232466950799,Дешёвый WB/OZON,https://max.ru/id76232466950799,Маркетплейсы,36668.0,6447.0,7825.0,26.2,34.0,1250.0,5149.0,304.0,,Дешёвый WB/OZON / Закрытый канал / Лучшие товары по самым привлекательным ценам только для тебя! / Обратная связь: https://vk.cc/cRfubR / Заявление: № 8176881433,https://telemetr.me/max/channels/id76232466950799,cat:marketplace
ozon,OZON,https://max.ru/ozon,Магазины,731763.0,98417.0,114529.0,18.6,1049.0,6446.0,-20343.0,68.0,@ozon,OZON / @ozon / Официальный канал маркетплейса Ozon для покупателей: https://www.ozon.ru,https://telemetr.me/max/channels/ozon,cat:magaziny
id70972448361202,WB Radar | Находки с Wildberries | Скидки | Акции  | Мода  | Ozon,https://max.ru/id70972448361202,Магазины,215307.0,7617.0,9633.0,5.7,22.0,-250.0,-41.0,217.0,t.me/alica_sm,WB Radar | Находки с Wildberries | Скидки | Акции  | Мода  | Ozon / Закрытый канал / Подписано 13 ваших друзей / Самые стильные и классные вещи с Wildberries / Разместить товар - t.me/alica_sm или https://vk.cc/cXARHI (связь в MAX) / Админ - https://clck.ru/3RyaV6 / Ссылка на канал: https://vk.cc/cUX7PD,https://telemetr.me/max/channels/id70972448361202,cat:magaziny
magnitretail,Магнит,https://max.ru/magnitretail,Магазины,208239.0,26057.0,29565.0,15.7,510.0,3028.0,24356.0,173.0,@magnitretail,Магнит / @magnitretail / Добро пожаловать в официальный канал семьи магазинов «Магнит»!,https://telemetr.me/max/channels/magnitretail,cat:magaziny
tspyaterochka,Пятёрочка,https://max.ru/tspyaterochka,Магазины,197419.0,28105.0,33557.0,21.1,472.0,24248.0,51533.0,45.0,@tspyaterochka,Пятёрочка / @tspyaterochka / Добро пожаловать в канал «Пятёрочки» 💚 / Здесь мы рассказываем о свежих акциях и скидках в наших магазинах. 😉,https://telemetr.me/max/channels/tspyaterochka,cat:magaziny
ozonfresh,Ozon fresh,https://max.ru/ozonfresh,Магазины,174999.0,16056.0,20565.0,13.9,339.0,-2494.0,-1208.0,26.0,@ozonfresh,"Ozon fresh / @ozonfresh / Быстрая доставка свежих продуктов (и не только) 🥑 / Поддержка клиентов: https://max.ru/ozon_support_bot / • Москва, МО / • Санкт-Петербург / • Тверь / • Ростов-на-Дону / • Волгоград / • Краснодар / • Сочи / • Казань / • Набережные Челны / • Нижний Новгород",https://telemetr.me/max/channels/ozonfresh,cat:magaziny
chizhikmagazin,ЧИЖИК,https://max.ru/chizhikmagazin,Магазины,126327.0,35380.0,42583.0,39.1,471.0,1053.0,2441.0,82.0,@chizhikmagazin,"ЧИЖИК / @chizhikmagazin / Чижик – современный магазин, где все продукты тщательно отобраны, качество подтверждено экспертами, а каждую неделю по четвергам – супер новинки!!! / Каталог, адреса, доставка: https://vk.cc/cHTEAo / РКН № 7086372806",https://telemetr.me/max/channels/chizhikmagazin,cat:magaziny
A4FOOD,A4,https://max.ru/A4FOOD,Магазины,114511.0,9529.0,13276.0,17.3,1388.0,-433.0,-7263.0,37.0,@A4FOOD,"A4 / @A4FOOD / Официальный бренд продукции Влада А4 теперь в MAX / Каждый продукт А4FOOD — вау-приключение вкуса, заряженное вайбом Влада 🌟 / Подписывайся на канал и узнавай, как создаются наши продукты, что нового в бренде и какие вкусные штуки мы готовим дальше 😎",https://telemetr.me/max/channels/A4FOOD,cat:magaziny
id74425796282510,Китайцы делают ВЕЩИ,https://max.ru/id74425796282510,Магазины,110735.0,22559.0,27258.0,29.6,290.0,-2122.0,23539.0,316.0,,Китайцы делают ВЕЩИ / Закрытый канал / 144 520 подписчиков / Лучшие находки из Китая! 🇨🇳,https://telemetr.me/max/channels/id74425796282510,cat:magaziny
id71724707283707,Cutie Wildberries/Ozon,https://max.ru/id71724707283707,Магазины,90626.0,11983.0,15452.0,20.0,684.0,655.0,1880.0,262.0,,Cutie Wildberries/Ozon / Закрытый канал / подборки лучших бюджетных вещичек с wildberries и ozon✨ / заявки принимаются моментально! / ссылка для лп: https://iimax.ru/cutiewb / реклама — https://iimax.ru/loopie / Тг ин: https://telega.in/m/3JV-g24BE0E_9wF40te_hROxfY_IFAs55sr7WaqcHAs / № 8125216133,https://telemetr.me/max/channels/id71724707283707,cat:magaziny
goldapple,Золотое Яблоко,https://max.ru/goldapple,Магазины,90959.0,16601.0,19944.0,26.7,333.0,365.0,81.0,86.0,@goldapple,Золотое Яблоко / @goldapple / Официальный канал Золотого Яблока💚 / РКН 7065188611,https://telemetr.me/max/channels/goldapple,cat:magaziny
id71135362329198,Моя Дача,https://max.ru/id71135362329198,Сад и огород,600079.0,41399.0,50771.0,10.3,578.0,-1160.0,-1734.0,602.0,,"Моя Дача / Закрытый канал / Чтобы читать, просто нажми синюю кнопку - ПОДАТЬ ЗАЯВКУ 👇 / Связь - https://vk.cc/cW4YDZ / 2) https://goo.su/ddRV / либо https://clck.ru/3TCH5N / 3) https://vk.cc/cUALL7 / Реклама https://telega.in/m/OYD5ieoRtXEi3U0yh1aPaO2FCTqWCdj19yiHrDBUYGk / Номер заявления РКН 8168290513",https://telemetr.me/max/channels/id71135362329198,cat:garden
id72207097569902,"Моя дача | Сад, огород",https://max.ru/id72207097569902,Сад и огород,312900.0,28776.0,35901.0,14.2,358.0,6603.0,46925.0,615.0,,"Моя дача | Сад, огород / Закрытый канал / Чтобы читать, просто нажми синюю кнопку - ПОДАТЬ ЗАЯВКУ 👇 / Связь - https://vk.cc/cW4YDZ / https://goo.su/ddRV / либо https://clck.ru/3TCH5N / Купить рекламу: https://telega.in/m/7Noa8Zfdd08o2ubfNa_omjbwLflDV83kOPmdeM-9lgk",https://telemetr.me/max/channels/id72207097569902,cat:garden
id72783928670938,Наша дача,https://max.ru/id72783928670938,Сад и огород,226805.0,29487.0,36606.0,19.9,1192.0,8076.0,19813.0,397.0,,Наша дача / Закрытый канал / 📲 Подписаны 7 ваших контактов... / Дачные советы каждый день. Век живи - век учись! / По всем вопросам: https://vk.cc/cU4s52 / Купить рекламу: https://telega.in/m/JdSZQLYIvqiMjY0mN22G4oH3D2DkV76i0o9fTT8J8bg / Ссылка для друга: https://max.ru/join/JdSZQLYIvqiMjY0mN22G4oH3D2DkV76i0o9fTT8J8bg,https://telemetr.me/max/channels/id72783928670938,cat:garden
id69128640727584,Моя дача,https://max.ru/id69128640727584,Сад и огород,207351.0,17183.0,21010.0,12.1,168.0,-1509.0,-7672.0,235.0,https://max.ru/u/f9LHodD0cOJqkpQUrybshlYv_SKKlTdO7umuRADSHLRgRFEuFuMgDR9TuQU,Моя дача / Закрытый канал / Сообщество дачников 🏠 / Реклама: https://max.ru/u/f9LHodD0cOJqkpQUrybshlYv_SKKlTdO7umuRADSHLRgRFEuFuMgDR9TuQU / Прайс (коммерция): https://max.ru/channel_redcatmedia / Мы на бирже: telega.in/m/4hsBYD_CH7jsom6gAGbi3xFn9byQXYf5JCWTCeuQ3oY / Ссылка на канал: vk.cc/cV391Q / Работаем с сервисом BidFox,https://telemetr.me/max/channels/id69128640727584,cat:garden
id72147958500617,Моя дача,https://max.ru/id72147958500617,Сад и огород,194294.0,17775.0,21496.0,13.0,258.0,-2225.0,-11329.0,401.0,,"Моя дача / Закрытый канал / 📲 Подписаны 6 ваших контактов... / Дачный сезон уже близко, занимайся своим участком вместе с нами! / Реклама - https://clck.ru/3RiDvr",https://telemetr.me/max/channels/id72147958500617,cat:garden
id69127792410745,Комнатные цветы 🪴,https://max.ru/id69127792410745,Сад и огород,185135.0,14269.0,17388.0,11.1,243.0,2231.0,1295.0,380.0,,Комнатные цветы 🪴 / Закрытый канал / Лучшее сообщество по уходу за цветами и растениями🪴 / Сотрудничество: https://clck.ru/3QHuA6 / Менеджеры: https://iimax.ru/alex_manager и https://iimax.ru/nikitos,https://telemetr.me/max/channels/id69127792410745,cat:garden
id71403460231391,Дача на удачу,https://max.ru/id71403460231391,Кулинария,171685.0,14289.0,17584.0,12.4,250.0,-1456.0,-7230.0,278.0,https://max.ru/u/f9LHodD0cOJol4UO8egofWYPRaLflD2N6RQnuN_Zd317FpGDo6De9vNpoXM https://t.me/ad_andrew,"Дача на удачу / Закрытый канал / Лучшие идеи для вашей дачи, сада и огорода. / Связь: https://max.ru/u/f9LHodD0cOJol4UO8egofWYPRaLflD2N6RQnuN_Zd317FpGDo6De9vNpoXM / Связь в Телеграм: https://t.me/ad_andrew / Ссылка на канал: https://max.ru/join/LUGUsTbvwtO5joPXZIg-D1azksLarTWS0dVC4JjdIvg",https://telemetr.me/max/channels/id71403460231391,cat:garden
dachkamoyaa,Дача своими руками,https://max.ru/dachkamoyaa,Сад и огород,174751.0,10651.0,12879.0,8.6,206.0,1588.0,5328.0,437.0,@dachkamoyaa,"Дача своими руками / @dachkamoyaa / С нами ваш участок, будет выглядеть как у миллионера 👍 / По всем вопросам: https://vk.cc/cRtXQg / Биржа: https://telega.in/m/dachkamoyaa",https://telemetr.me/max/channels/dachkamoyaa,cat:garden
id70910873007459,Дачные Хитрости,https://max.ru/id70910873007459,Сад и огород,173385.0,20922.0,25562.0,17.5,247.0,2899.0,24838.0,338.0,,Дачные Хитрости / Закрытый канал / 🌿 Советы и хитрости от лучших дачников страны совершенно бесплатно! / По рекламе: https://clck.ru/3RFZJo / Номер заявления: № 8167152677,https://telemetr.me/max/channels/id70910873007459,cat:garden
id71424475851335,Зеленый уголок,https://max.ru/id71424475851335,Сад и огород,171100.0,15461.0,18590.0,12.7,249.0,5440.0,13348.0,312.0,,"Зеленый уголок / Закрытый канал / 📲 Подписаны 6 ваших контактов… / Все самое интересное и полезное из мира флоры. / По всем вопросам vk.cc/cSfu67, clck.ru/3SZQGB / Биржа https://telega.in/m/msC5xubuYwAemGhQHK7v6BYiXe5MsxSvsTBbztdi0NM",https://telemetr.me/max/channels/id71424475851335,cat:garden
id73101054890567,Дом рукоделия,https://max.ru/id73101054890567,Рукоделие,117149.0,12115.0,15236.0,15.3,279.0,-1103.0,-339.0,318.0,,"Дом рукоделия / Закрытый канал / Идеи и лайфхаки на любой случай жизни 🧶 / Для тех, кто ценит красоту и уют 🤗 / По всем вопросам vk.cc/cSfu67, clck.ru/3SZQGB",https://telemetr.me/max/channels/id73101054890567,cat:handmade
id69230010034795,Клуб рукоделия 🧶,https://max.ru/id69230010034795,Рукоделие,99399.0,6894.0,8540.0,10.3,211.0,1736.0,-2238.0,386.0,,"Клуб рукоделия 🧶 / Закрытый канал / Клуб людей, в чьих руках оживают идеи. 🪡 / Объединяем всех, кому нитки, иголки, краски и бумага милее стандартного отдыха. Делимся лайфхаками, разбираем ошибки и радуемся успехам вместе 🥰 / Сотрудничество: https://clck.ru/3QHuA6 / Менеджеры: https://iimax.ru/alex_manager и https://iimax.ru/nikitos",https://telemetr.me/max/channels/id69230010034795,cat:handmade
hand_knit,Ручки Вяжут • Вязание,https://max.ru/hand_knit,Рукоделие,94334.0,16214.0,19669.0,24.9,640.0,905.0,4455.0,552.0,@hand_knit,"Ручки Вяжут • Вязание / @hand_knit / Крупнейший и старейший авторский проект про рукоделие и вязание в MAX! 🧶 / Мастер-классы, советы и подсказки от экспертов вязания 🌸 / Реклама и сотрудничество с авторами: https://vk.cc/cVNKPn / Купить рекламу в канале: https://vk.cc/cVNKPn   https://maxln.ru/SpiralMiya / https://telega.in/channels/hand_knit/card_max, s.marketly.ru/x5V4YglQ / Подписывайтесь, мы рады всем!",https://telemetr.me/max/channels/hand_knit,cat:handmade
diaivay,ди ай вай | рукоделие,https://max.ru/diaivay,Рукоделие,82790.0,9996.0,12436.0,17.7,398.0,-1803.0,-7937.0,208.0,@diaivay @se14526562_bot,ди ай вай | рукоделие / @diaivay / Связь — https://clck.ru/3S8Zi2 (Дятлов) / Предложка - @se14526562_bot,https://telemetr.me/max/channels/diaivay,cat:handmade
vjazhem_noski,Вяжем Шапки Варежки Носки • Вязание,https://max.ru/vjazhem_noski,Рукоделие,76163.0,8664.0,10718.0,17.3,162.0,166.0,1909.0,428.0,@vjazhem_noski,"Вяжем Шапки Варежки Носки • Вязание / @vjazhem_noski / Вяжем аксессуары 🥰 / МК шапок, варежек, носков, свитеров! / Присоединяйтесь! / Вязание, схемы вязания, вязание крючком, вязание спицами, узоры вязания, рукоделие. / Реклама и сотрудничество: https://clck.ru/3QYJwm / Купить рекламу: https://telega.in/c/vjazhem_noski",https://telemetr.me/max/channels/vjazhem_noski,cat:handmade
id69188830669398,Детские поделки,https://max.ru/id69188830669398,Рукоделие,76743.0,11711.0,13871.0,21.1,275.0,-364.0,76725.0,315.0,,Детские поделки / Закрытый канал / Творим для детей и вместе с детьми! / Реклама и сотрудничество: https://iimax.ru/alexmaid / Менеджер - https://maxln.ru/SpiralMiya. / Материалы публикуются в ознакомительных целях. При обращении правообладателя контент будет удален.,https://telemetr.me/max/channels/id69188830669398,cat:handmade
id69189040384598,Шить просто!,https://max.ru/id69189040384598,Рукоделие,100494.0,7568.0,8870.0,10.4,165.0,25970.0,25011.0,298.0,,"Шить просто! / Закрытый канал / Подписаны 9 ваших друзей… / Лучшие мастер-классы, советы и подсказки для шитья! / Сотрудничество: https://clck.ru/3QUiBa / Менеджер - https://maxln.ru/SpiralMiya. / Материалы публикуются в ознакомительных целях. При обращении правообладателя контент будет удален",https://telemetr.me/max/channels/id69189040384598,cat:handmade
hobbyamigurumi,Вязание на каждый день | Вязание . Рукоделие,https://max.ru/hobbyamigurumi,Рукоделие,81497.0,6458.0,7984.0,11.8,281.0,3735.0,16437.0,307.0,@hobbyamigurumi,"Вязание на каждый день | Вязание . Рукоделие / @hobbyamigurumi / Место, где люди любят вязать. / Реклама и сотрудничество : https://clck.ru/3QDNaU / Рекламный менеджер: https://maxln.ru/SpiralMiya / Рукоделие, вязание, советы, лайфхаки, секреты вязания, вышивка, шитье, вязание крючком, вязание спицами, жаккард, мастер-класс , вязание спицами , вязание крючком , схемы вязания , хобби , шитье , рукоделие , вязанные вещи , хобби  .",https://telemetr.me/max/channels/hobbyamigurumi,cat:handmade
podelki_dlya_detei,Поделки для детей,https://max.ru/podelki_dlya_detei,Рукоделие,78019.0,6431.0,7701.0,12.1,283.0,3487.0,12566.0,299.0,https://t.me/An_borodin https://t.me/price_rus @podelki_dlya_detei,"Поделки для детей / @podelki_dlya_detei / По всем вопросам https://clck.ru/3Qu3p2 / Наши менеджерa https://vk.cc/cTuiZZ , clck.ru/3QzXk2 , https://clck.ru/3QxNG7 / Связь https://t.me/An_borodin / Наш прайс https://t.me/price_rus / Поделки для детей, детские поделки, в школу, детский сад",https://telemetr.me/max/channels/podelki_dlya_detei,cat:handmade
IdEi_dlya_DoMaa,Дизайн | Интерьер для дома,https://max.ru/IdEi_dlya_DoMaa,Дизайн,103101.0,22848.0,28823.0,32.7,436.0,-776.0,-5659.0,87.0,@IdEi_dlya_DoMaa,Дизайн | Интерьер для дома / @IdEi_dlya_DoMaa / Копилка интерьеров / Связь - https://clck.ru/3QJKsZт / Купить рекламу: https://telega.in/m/IdEi_dlya_DoMaa,https://telemetr.me/max/channels/IdEi_dlya_DoMaa,cat:design
id71377355049510,Pinterest,https://max.ru/id71377355049510,Дизайн,87396.0,3743.0,4658.0,5.3,128.0,-1797.0,87433.0,201.0,,,https://telemetr.me/max/channels/id71377355049510,cat:design
dezigas,Дизайн Интерьера,https://max.ru/dezigas,Дизайн,40019.0,5600.0,6656.0,19.5,110.0,-23.0,-464.0,183.0,@dezigas,Дизайн Интерьера / @dezigas / Крутые идеи для вашей квартиры на каждый день. / Реклама: https://vk.cc/d2sz83 или https://telega.in/m/dezigas / № 7129260723,https://telemetr.me/max/channels/dezigas,cat:design
id71583196194084,Dekoратор | Дизайн интерьера,https://max.ru/id71583196194084,Дизайн,34385.0,2016.0,2511.0,8.7,49.0,-309.0,-1609.0,356.0,,"Dekoратор | Дизайн интерьера / Закрытый канал / Заявки принимаем сразу! / 🏠Декорирование пространства, реставрации, переделки / Связь: https://clck.su/GzZGL ; https://clck.ru/3Qw4w8 / Пригласи друга: https://max.ru/join/noPes2aEidLOW80SoBMzMULrXVOnZWIiqZ63aHuFbTE",https://telemetr.me/max/channels/id71583196194084,cat:design
domeoru,DOMEO. ДИЗАЙН | РЕМОНТ | НЕДВИЖИМОСТЬ,https://max.ru/domeoru,Дизайн,35237.0,905.0,1112.0,4.0,630.0,2587.0,11359.0,39.0,@domeoru,DOMEO. ДИЗАЙН | РЕМОНТ | НЕДВИЖИМОСТЬ / @domeoru / 🏆 Уже 12 лет в DOMEO создают безупречный ремонт и дизайн квартир по фиксированным ценам. / РКН 7579304973,https://telemetr.me/max/channels/domeoru,cat:design
hozyaushki_max,Учимся рисовать | Пошаговые уроки,https://max.ru/hozyaushki_max,Дизайн,23771.0,1471.0,1747.0,8.6,83.0,774.0,1023.0,454.0,@hozyaushki_max,Учимся рисовать | Пошаговые уроки / @hozyaushki_max / Поэтапные уроки рисования и многое другое! / Реклама и сотрудничество: https://clck.ru/3QYJwm,https://telemetr.me/max/channels/hozyaushki_max,cat:design
id69056213237860,Домашний дизайн | Квартир| Домов | Дачи|,https://max.ru/id69056213237860,Дизайн,21699.0,1357.0,1682.0,9.2,36.0,-373.0,2587.0,353.0,,"Домашний дизайн | Квартир| Домов | Дачи| / Закрытый канал / Номер ркн № 7669723053 / Полезный канал про дизайн, ремонт и выбор мебели для вашего дома или же квартиры. / Сотрудничество - https://vk.cc/cRqmJ5 / Заказать рекламу - https://telega.in/m/club215405238 / У нас вы можете найти лайфхаки по улучшению обстановки в вашем доме.",https://telemetr.me/max/channels/id69056213237860,cat:design
channel_da_risyu,"да, рисую",https://max.ru/channel_da_risyu,Дизайн,18546.0,1674.0,2063.0,12.8,63.0,-240.0,-1268.0,419.0,@channel_da_risyu,"да, рисую / @channel_da_risyu / отборный контент для художников❤️ / рисование, референс, туториал, рисунок, арт, идеи, мемы, поэтапно, художка, скетч, лайн. / реклама: https://iimax.ru/azulo4ka (азулочка) / Купить рекламу: https://telega.in/m/FpwgDR6KdDVG-9MGW3rMMDYsrBCaPbAoXv4eQFvFBHk",https://telemetr.me/max/channels/channel_da_risyu,cat:design
id71623998832887,🏠 Ремонт — Дизайн и Интерьер,https://max.ru/id71623998832887,Дизайн,18100.0,624.0,748.0,4.9,8.0,-162.0,-463.0,222.0,,🏠 Ремонт — Дизайн и Интерьер / Закрытый канал / Купить рекламу в канале — s.marketly.ru/XxLPkDrW / 💼 По всем вопросам: / cgmedia.ads@ya.ru / Материалы публикуются в ознакомительных целях и могут включать контент правообладателей. При обращении автора материалы будут удалены или изменены. / https://okmx.ru/MNGmedia / Заявка в РКН № 8177213645,https://telemetr.me/max/channels/id71623998832887,cat:design
id78581866596902,ИЗО,https://max.ru/id78581866596902,Дизайн,15884.0,3193.0,5130.0,43.6,549.0,-1044.0,15920.0,40.0,,,https://telemetr.me/max/channels/id78581866596902,cat:design
awwos,Женский журнал,https://max.ru/awwos,Отношения и знакомства,252509.0,22415.0,29964.0,14.0,925.0,5350.0,19255.0,193.0,@awwos,Женский журнал / @awwos / Приглашаем в наш уютный уголок женского счастья 🍇 / По вопросам рекламы: https://clck.ru/3RkgiR / Купить рекламу: https://telega.in/m/awwos,https://telemetr.me/max/channels/awwos,cat:dating
bbrawlstarsb,Знакомства,https://max.ru/bbrawlstarsb,Отношения и знакомства,169938.0,10556.0,15050.0,15.7,380.0,2963.0,16039.0,29.0,@bbrawlstarsb,Знакомства / @bbrawlstarsb / Знакомства,https://telemetr.me/max/channels/bbrawlstarsb,cat:dating
id71685118629135,Сатья  | Психология отношений,https://max.ru/id71685118629135,Отношения и знакомства,59389.0,7108.0,8734.0,16.8,432.0,1873.0,382.0,263.0,,"Сатья  | Психология отношений / Закрытый канал / Сатья - популярный  психолог  и лектор,специализирующийся на отношениях и воспитание детей . / Строим счастливые и доверительные отношения вместе 🫶 / По вопросам : https://clck.ru/3R9Mzk / https://clck.ru/3SrFHu",https://telemetr.me/max/channels/id71685118629135,cat:dating
channel_moscow,Найдись Москва,https://max.ru/channel_moscow,Подслушано,36008.0,2763.0,3508.0,11.8,103.0,-985.0,-11001.0,176.0,@channel_moscow,Найдись Москва / @channel_moscow,https://telemetr.me/max/channels/channel_moscow,cat:dating cat:podslushano
vkdating,VK Знакомства,https://max.ru/vkdating,Отношения и знакомства,37858.0,7385.0,10045.0,41.7,208.0,1495.0,3018.0,21.0,@vkdating,"VK Знакомства / @vkdating / Место неслучайных встреч 💘 / https://vkdating-app.ru/install/ 👈🏼 Установить VK Знакомства на iOS / https://trk.mail.ru/c/cgjjaj7 👈🏼 Начать пользоваться сервисом / max.ru/vk_dating_bot 👈🏼 Бот, чтобы найти пару",https://telemetr.me/max/channels/vkdating,cat:dating
lovergolubev,Любовник Голубев,https://max.ru/lovergolubev,Отношения и знакомства,38688.0,14381.0,17663.0,53.9,1284.0,2976.0,6418.0,109.0,@lovergolubev,"Любовник Голубев / @lovergolubev / Почему у тебя, такой красивой, нет нормального мужика? Блог разведенного мужчины об отношениях и жизни. Лучший друг твоих подруг. / Контакт: https://vk.cc/cVlkvC https://vk.cc/cVlkTR / Отношения, любовь, мужчины, мужчина и женщина, психология отношений, женская психология, психология, свидания, чувства, близость, знакомства, семейная жизнь, советы по отношениям",https://telemetr.me/max/channels/lovergolubev,cat:dating
id72188431052882,Интимология | Об отношениях,https://max.ru/id72188431052882,Отношения и знакомства,34381.0,6561.0,7774.0,25.8,145.0,1289.0,2008.0,320.0,,Интимология | Об отношениях / Закрытый канал / Здесь про отношения / реклама https://iimax.ru/trafadv,https://telemetr.me/max/channels/id72188431052882,cat:dating
moskve_znakomstva,Знакомства,https://max.ru/moskve_znakomstva,Отношения и знакомства,29942.0,6300.0,8324.0,51.1,1917.0,127.0,-316.0,2.0,@moskve_znakomstva,Знакомства / @moskve_znakomstva / Знакомства,https://telemetr.me/max/channels/moskve_znakomstva,cat:dating
Mariapogas,mariapoga_,https://max.ru/Mariapogas,Отношения и знакомства,30395.0,7833.0,9421.0,36.3,549.0,-82.0,-373.0,14.0,@Mariapogas,"mariapoga_ / @Mariapogas / Мария Погребняк / Продюсер, общественный деятель, мама 4-х сыновей. / Сотрудничество: +79854455999 Дина",https://telemetr.me/max/channels/Mariapogas,cat:dating
id74452791827862,Уроки этикета,https://max.ru/id74452791827862,Отношения и знакомства,28557.0,1484.0,1833.0,7.5,32.0,59.0,-210.0,245.0,,Уроки этикета / Закрытый канал / Хорошие манеры никогда не выйдут из моды. Учимся искусству быть леди каждый день. ☕️ / Ссылка на канал: https://max.ru/join/JrscNfP2CDiIIxl-bbDr91qtYn0KwYNaKlLOfSDD4xw / Связь: https://iimax.ru/indeec17 / https://maxframe.ru/group-profile/42/,https://telemetr.me/max/channels/id74452791827862,cat:dating
club222433539,Жизненно.Истории.,https://max.ru/club222433539,Подслушано,192706.0,12381.0,16407.0,11.7,599.0,-2190.0,-3906.0,203.0,@club222433539,Жизненно.Истории. / @club222433539 / По всем вопросам / 👉 https://clck.ru/3RJjGd / 👉 https://clck.ru/3UcRtD / Биржа https://telega.in/m/club222433539 / Биржа https://maxframe.ru/channel-profile/69715737157675/,https://telemetr.me/max/channels/club222433539,cat:podslushano
women_max,Женский клуб,https://max.ru/women_max,Подслушано,144624.0,8282.0,10572.0,8.6,286.0,-3659.0,-13143.0,187.0,@women_max,Женский клуб / @women_max / 🦋Жизненные истории обычных людей. Чтение для души🦋 / Твой уютный уголок ♥️ / Сотрудничество - https://clck.ru/3RCK9N / Купить рекламу через биржу - https://telega.in/nm/women_max,https://telemetr.me/max/channels/women_max,cat:podslushano
yarchat,ПОДСЛУШАНО ЯРОСЛАВЛЬ (18+),https://max.ru/yarchat,Подслушано,53638.0,14839.0,16190.0,31.5,162.0,-972.0,2786.0,391.0,https://max.ru/u/f9LHodD0cOK-dg1_B3F4CriFFh5QpUsvbSG9ZKNAcAoGmXldV4LEHhR5GUc @yarchat,"ПОДСЛУШАНО ЯРОСЛАВЛЬ (18+) / @yarchat / ✍️  Прислать новость (фото, видео):  https://max.ru/u/f9LHodD0cOK-dg1_B3F4CriFFh5QpUsvbSG9ZKNAcAoGmXldV4LEHhR5GUc",https://telemetr.me/max/channels/yarchat,cat:podslushano
podslushano_nev,Подслушано Невинномысск,https://max.ru/podslushano_nev,Подслушано,51634.0,19347.0,21011.0,40.2,213.0,-14.0,17.0,535.0,t.me/podslushano_nev vk.com/podslushano_nev @podslushano_nev,Подслушано Невинномысск / @podslushano_nev / ‼️ Крупнейший паблик Невинномысска. / • Вопросы по рекламе: clck.ru/3SAXkK / • Прислать новость: clck.ru/3SAXkK / • Купить рекламу: telega.in/m/podslushano_nev / • Мы в Телеграм: t.me/podslushano_nev / • Мы ВКонтакте: vk.com/podslushano_nev,https://telemetr.me/max/channels/podslushano_nev,cat:podslushano
channel_istorii,мои истории,https://max.ru/channel_istorii,Подслушано,0.0,9234.0,12323.0,,621.0,0.0,0.0,254.0,@channel_istorii,мои истории / @channel_istorii / 📌Заявки принимаются автоматически / Те самые истории🐈‍⬛📚 / Реклама: iimax.ru/brikin_brikin / Реклама на TelegaIn: https://telega.in/m/-u7VLGUeJywn8o_bfzk9sehMr79ykb_XEKGLAM97eKI / Менеджер: / iimax.ru/diggsale / maxln.ru/SpiralMiya / Ресурс включён в перечень Роскомнадзора: https://gosuslugi.ru/snet/6a1569b4e94c2df03a588458 / ❗Все права принадлежат их правообладателям,https://telemetr.me/max/channels/channel_istorii,cat:podslushano
kanalmax,Жизнь пишет • Истории • Рассказы,https://max.ru/kanalmax,Подслушано,32253.0,2695.0,3221.0,11.9,109.0,-447.0,-2214.0,263.0,@kanalmax,"Жизнь пишет • Истории • Рассказы / @kanalmax / Продолжение этой истории уже можно читать в ленте🤝☺️💫 / Короткие истории из жизни, рассказы современных авторов, / статусы, психология💐 / Сотрудничество: https://vk.cc/cX0zeN / Купить рекламу - https://telega.in/m/kanalmax / Все материалы взяты из открытых источников в интернете. Все права принадлежат их создателям. / Если вы автор, напишите нам для указания авторства или удаления.",https://telemetr.me/max/channels/kanalmax,cat:podslushano
ch_70000005742138,Жизненные Истории,https://max.ru/ch_70000005742138,Подслушано,28820.0,954.0,1284.0,5.6,34.0,-408.0,-3593.0,429.0,@ch_70000005742138,"Жизненные Истории / @ch_70000005742138 / Здесь мы делимся настоящими моментами — трогательными, вдохновляющими, смешными и иногда грустными. Истории из жизни, в которых каждый может узнать себя, найти поддержку или просто задуматься. / Читайте, делитесь своими историями и будьте частью тёплого и душевного общения 🤍 / По всем вопросам : https://vk.cc/cZjWxI / Купить рекламу в канале — s.marketly.ru/W8wIfxwT",https://telemetr.me/max/channels/ch_70000005742138,cat:podslushano
baraholka_yeysk,Барахолка Ейск,https://max.ru/baraholka_yeysk,Подслушано,25914.0,9230.0,10112.0,37.9,84.0,96.0,917.0,458.0,https://max.ru/u/f9LHodD0cOJ2SLWO8XGVfmkuGskJOekVVoaLqBNv2K6tjscPBND0GAJ06iY https://t.me/baraholka_yeysk https://vk.ru/baraholka_yeyskk @baraholka_yeysk,Барахолка Ейск / @baraholka_yeysk / Написать админу - https://max.ru/u/f9LHodD0cOJ2SLWO8XGVfmkuGskJOekVVoaLqBNv2K6tjscPBND0GAJ06iY / Наш тг  - https://t.me/baraholka_yeysk / Наш Вк - https://vk.ru/baraholka_yeyskk / ⚡ Все самые свежие и горячие новости / ⚡ Самый обсуждаемый паблик города,https://telemetr.me/max/channels/baraholka_yeysk,cat:podslushano
channel_piterb,Найдись Питер,https://max.ru/channel_piterb,Подслушано,20786.0,2146.0,2706.0,16.0,81.0,-1035.0,-10025.0,151.0,@channel_piterb,Найдись Питер / @channel_piterb,https://telemetr.me/max/channels/channel_piterb,cat:podslushano
mar4enkofam_fan,Без кота и жизнь не та,https://max.ru/mar4enkofam_fan,Животные,125899.0,24851.0,29637.0,26.9,2170.0,1410.0,3032.0,376.0,@mar4enkofam_fan,Без кота и жизнь не та / @mar4enkofam_fan / Смешные и забавные пушистики на каждый день 😺 / По всем вопросам: https://clck.ru/3QfnGX / Мы на бирже: https://telega.in/m/mar4enkofam_fan / Заявление №8173264388,https://telemetr.me/max/channels/mar4enkofam_fan,cat:pets
annushka_adamova,Аннушка Адамова,https://max.ru/annushka_adamova,Животные,92163.0,18007.0,20565.0,24.8,1795.0,167.0,4213.0,287.0,https://max.ru/u/f9LHodD0cOLjBmcSVfE-TM0pI9LrujaRVE_9d-FJT5QptlX-maoxsGJwQh4 @annushka_adamova,"Аннушка Адамова / @annushka_adamova / Куриная мама соц сетей. Птицеводство. Куры несушки, бройлеры, утки, перепела, индейка. Инкубация. Жизнь в деревне. Огород и сад. Семейные рецепты. / Сотрудничество - https://max.ru/u/f9LHodD0cOLjBmcSVfE-TM0pI9LrujaRVE_9d-FJT5QptlX-maoxsGJwQh4",https://telemetr.me/max/channels/annushka_adamova,cat:pets
id71697998020693,КОТОТЕРАПИЯ,https://max.ru/id71697998020693,Животные,91385.0,18752.0,22199.0,27.8,1908.0,938.0,6650.0,357.0,,"КОТОТЕРАПИЯ / Закрытый канал / Осторожно, очень смешные котики! / Сотрудничество: https://clck.ru/3RuVxu / Ссылка: https://max.ru/join/r5T6ysBnJsblsSiGHU3a2gExc7DZ3j8FFSmzs7SF8t4 / Telegain: https://telega.in/m/r5T6ysBnJsblsSiGHU3a2gExc7DZ3j8FFSmzs7SF8t4",https://telemetr.me/max/channels/id71697998020693,cat:pets
channel_terpila,Котята поясняют,https://max.ru/channel_terpila,Животные,87415.0,11661.0,14352.0,19.1,454.0,-3549.0,23173.0,327.0,@channel_terpila,"Котята поясняют / @channel_terpila / кисы поясняют, котята объясняют, кисы объясняют, поясняем на котятах, умные котята, объясняем на котятах, котята тикток / По рекламе - https://iimax.ru/yuioue",https://telemetr.me/max/channels/channel_terpila,cat:pets
planeta_zhivotnih,🦁 Животные - Коты и Собаки,https://max.ru/planeta_zhivotnih,Животные,68746.0,3510.0,4161.0,7.2,469.0,2705.0,9925.0,224.0,@planeta_zhivotnih,🦁 Животные - Коты и Собаки / @planeta_zhivotnih / котики / 👉 Купить рекламу в канале — s.marketly.ru/pEKPoHX6 / https://okmx.ru/MNGmedia / Заявка в РКН № 8176966364,https://telemetr.me/max/channels/planeta_zhivotnih,cat:pets
id69145411764345,КотоПёс -  кошки и собаки 🐱🐶  | приколы | животные | коты,https://max.ru/id69145411764345,Животные,60141.0,7612.0,9034.0,17.2,752.0,-507.0,-2564.0,292.0,,"КотоПёс -  кошки и собаки 🐱🐶  | приколы | животные | коты / Закрытый канал / По рекламе:  https://clck.ru/3QpE95 / Канал про наших шерстяных  , друзей меньших , заряжайтесь позитивом каждый день , собаки и кошки в одном канале , приятного просмотра  🐩🐈 / животные питомцы милые коты кошки собачки котята щенки хомяки кролики еноты панды совы тигры львы зоопарк природа видео фото смешные собаки",https://telemetr.me/max/channels/id69145411764345,cat:pets
k_owka,Коська 🐾,https://max.ru/k_owka,Животные,63621.0,4262.0,5034.0,9.4,720.0,2299.0,8996.0,192.0,@k_owka,"Коська 🐾 / @k_owka / Котята в МАХ! / Связь — https://iimax.ru/daideneg / Биржа — https://telega.in/m/k_owka / Смешные и милые котята, кошки, коты, котики",https://telemetr.me/max/channels/k_owka,cat:pets
id71420659774765,Котяры на каждый день,https://max.ru/id71420659774765,Животные,50395.0,5796.0,6840.0,15.7,837.0,-973.0,-5470.0,264.0,,Котяры на каждый день / Закрытый канал / Подписано три твоих контакта / Связь - https://vk.cc/cUMbhr ТИМ,https://telemetr.me/max/channels/id71420659774765,cat:pets
channel_memy_koty,мемы про котов,https://max.ru/channel_memy_koty,Животные,45744.0,9576.0,11675.0,29.3,733.0,-2038.0,105.0,263.0,@channel_memy_koty,мемы про котов / @channel_memy_koty / Единственные кайфовые мемы про котов🫰🏻 / Купить рекламу — https://iimax.ru/zhenya / Менеджер — https://maxln.ru/SpiralMiya,https://telemetr.me/max/channels/channel_memy_koty,cat:pets
maxcatss,Котейка • Смешные котики 😺,https://max.ru/maxcatss,Животные,47608.0,9274.0,10978.0,26.5,748.0,-107.0,1698.0,282.0,@maxcatss,"Котейка • Смешные котики 😺 / @maxcatss / № 8208867351 / Котейки со всего мира😼 / Пушистые, хищные, озорные и проказные, но всё-таки любимые! ❤️ / По рекламе: https://clck.ru/3RBRii / Помощник: https://clck.ru/3T3vot / #кошки #кошечки #котя #кошак #кошка #коты / #смешные #видео #котики, котики видео",https://telemetr.me/max/channels/maxcatss,cat:pets
id71637226733695,Современная хозяйка | Лайфхаки | Рецепты,https://max.ru/id71637226733695,Лайфхаки,123512.0,11849.0,14264.0,13.6,248.0,4284.0,11526.0,478.0,,Современная хозяйка | Лайфхаки | Рецепты / Закрытый канал / Подписаны 12 ваших друзей... / Сотрудничество по рекламе: clck.ru/3Qhoo8 / Пригласить друга: https://clck.ru/3SHGuF / Тут живёт лучший контент: / Лайфхаки • хозяйка • дом •  домашние • советы • для дома / Аналитика канала - https://maxframe.ru/channel-profile/71637226733695/ / Рекламный менеджер: https://maxln.ru/SpiralMiya / Купить рекламу: https://telega.in/m/rcnWpF2XcA8q3FaLQTkYUTDRmm0JXDhRrhXpkzJsP6Q,https://telemetr.me/max/channels/id71637226733695,search:уборка/хозяйка
id69056225558628,Хозяйка в доме,https://max.ru/id69056225558628,Дом и ремонт,66851.0,5711.0,6966.0,12.4,139.0,-364.0,4626.0,361.0,,"Хозяйка в доме / Закрытый канал / Подписаны 7 ваших друзей / Сотрудничество - https://iimax.ru/alexmaid / Заказать рекламу - https://telega.in/channels/club221844448/card_max / Уют начинается с мелочей. / Практичные советы для дома, хитрости по хозяйству и простые решения для повседневных задач. / Подписывайтесь — здесь только полезное.",https://telemetr.me/max/channels/id69056225558628,search:уборка/хозяйка
id71635281182973,Советы для дома,https://max.ru/id71635281182973,Лайфхаки,121138.0,10966.0,13159.0,12.9,350.0,3617.0,6907.0,330.0,https://t.me/milasha_in_tg,"Советы для дома / Закрытый канал / Ты даже не догадываешься, сколько вещей дома ты делаешь неправильно 🤯 / Простые хитрости, которые экономят время, деньги и нервы / Связь: https://clck.ru/3S7ckC / Связь в Телеграм: https://t.me/milasha_in_tg / Ссылка для друзей: https://max.ru/join/Umh-rxGw9gvO6DFbRqQa5fGWgYdD6UrXZyoTQPymz4w",https://telemetr.me/max/channels/id71635281182973,search:уборка/хозяйка
dnevnikwoman,Домашние Хитрости,https://max.ru/dnevnikwoman,Дизайн,57783.0,14193.0,17447.0,,0.0,-1003.0,304.0,632.0,https://t.me/Crolus,"Метрики по этому каналу временно не собираются / Показаны последние собранные данные — на 09.06.2026. / С каналом всё в порядке, он просто пока не попал в наш сбор: как только попадёт, цифры снова начнут обновляться. / Домашние Хитрости / Закрытый канал / Здесь ты найдешь простые и гениальные советы, как навести идеальный порядок без лишних усилий и затрат❤️ / Сотрудничество: / Тг https://t.me/Crolus / Max https://clck.ru/3QDNhc",https://telemetr.me/max/channels/dnevnikwoman,search:женское
id69241002773015,Товары для дома,https://max.ru/id69241002773015,Магазины,84306.0,4061.0,4925.0,6.8,21.0,-1782.0,-7432.0,282.0,,"Товары для дома / Закрытый канал / Рассказываем, где выгодно купить полезные товары для дома 🛍 / Сотрудничество: vk.cc/cRMs7j / Прайс (коммерция) — max.ru/channel_tesoll / Биржа: telega.in/m/bIV6pqTMGL7Wu31__-OK8K76-58osA4fzd4-4DrBMvc / Материалы публикуются в ознакомительных целях. При обращении правообладателя контент будет удален.",https://telemetr.me/max/channels/id69241002773015,search:товары для дома
Skidki_izh,"WB, OZON скидки до 95%",https://max.ru/Skidki_izh,Маркетплейсы,10845.0,1098.0,1128.0,10.6,0.0,120.0,307.0,10348.0,@Skidki_izh @gnompoochi,"WB, OZON скидки до 95% / @Skidki_izh / Горячие находки с Вайлдберриз, Озон, Яндекс Маркет, Алиэкспресс все товары❗️ / Основной канал - https://max.ru/skidkiIzhevsk / Связь @gnompoochi (ТГ) / Одежда, сумки, подгузники, продукты, аксессуары, обувь. / Ловим большие скидки и халяву / Вступай, зови друга / YMReferral",https://telemetr.me/max/channels/Skidki_izh,search:скидки
kulinaryoc,Кулинарное искусство,https://max.ru/kulinaryoc,—,83329.0,3634.0,4425.0,4.2,21.0,-673.0,-3293.0,536.0,https://t.me/ReLok91 @kulinaryoc,"Кулинарное искусство / @kulinaryoc / По вопросам рекламы и сотрудничества: https://vk.cc/cSG4X7 / https://t.me/ReLok91 / Еда, кухня, рецепты, вкусные рецепты, домашние рецепты, простые рецепты, блюда на каждый день, обед, завтрак, ужин, перекус, закуски, супы, гарниры, вторые блюда, мясные блюда, десерты, кулинария, готовка",https://telemetr.me/max/channels/kulinaryoc,search:рецепты
SladkayaRech,По-домашнему,https://max.ru/SladkayaRech,Кулинария,107452.0,7695.0,9198.0,10.0,83.0,-388.0,-2108.0,321.0,@SladkayaRech,"По-домашнему / @SladkayaRech / По рекламе - clck.ru/3Te5NV либо clck.ru/3TCH5N / По закупам - https://goo.su/ZrucE / Рецепты, кулинария, завтрак, обед, ужин, салаты, десерты, торт, пирог, суп, мясо, курица, рыба, картошка, выпечка, домашние рецепты / Контент носит ознакомительный и познавательный характер, авторские права не нарушаем, по запросу устраняем нарушение авторских прав / Менеджер - https://maxln.ru/SpiralMiya",https://telemetr.me/max/channels/SladkayaRech,search:рецепты
riemont,Школа ремонта,https://max.ru/riemont,Дизайн,45609.0,9315.0,11276.0,,0.0,4025.0,711.0,661.0,,"Метрики по этому каналу временно не собираются / Показаны последние собранные данные — на 09.06.2026. / С каналом всё в порядке, он просто пока не попал в наш сбор: как только попадёт, цифры снова начнут обновляться. / Школа ремонта / Закрытый канал / Поможем сделать ремонт 👍 / Реклама: clck.ru/3QqPbH / Прайс (коммерция): vk.cc/cUm67m / Ремонт, дизайн, квартира, дом, интерьер, своими руками, идеи, обои, потолок, инструменты, бюджетно, мастер, квартирный вопрос, дача, уют, мебель, линолиум, ламинат, диван, кухня DIY, лайфхаки ремонт кухни ванной спальни офиса коридора балкона, укладка плитки, с",https://telemetr.me/max/channels/riemont,search:ремонт
4oKoWKQM8yFBPj6un57viGpoLgEpYTGxNASs9lf-bQM,Сама себе архитектор,https://max.ru/4oKoWKQM8yFBPj6un57viGpoLgEpYTGxNASs9lf-bQM,Дизайн,75749.0,3281.0,4049.0,13.3,101.0,-761.0,-3625.0,796.0,,"Метрики по этому каналу временно не собираются / Показаны последние собранные данные — на 20.07.2026. / С каналом всё в порядке, он просто пока не попал в наш сбор: как только попадёт, цифры снова начнут обновляться. / Сама себе архитектор / Закрытый канал / Проекты домов, бань, дизайн интерьера 🏠 / Ссылка: iimax.ru/architect / Сотрудничество: vk.cc/cRMs7j / Прайс (коммерция) — max.ru/channel_tesoll / Биржа: telega.in/m/4oKoWKQM8yFBPj6un57viGpoLgEpYTGxNASs9lf-bQM / Материалы публикуются в ознакомительных целях. При обращении правообладателя контент будет удален. ePN",https://telemetr.me/max/channels/4oKoWKQM8yFBPj6un57viGpoLgEpYTGxNASs9lf-bQM,search:интерьер
id71745355603290,По Женской Части,https://max.ru/id71745355603290,Медицина и здоровье,107909.0,5824.0,7140.0,7.9,104.0,291.0,3285.0,382.0,,По Женской Части / Закрытый канал / Все самое лучшее для женщин вы найдете у нас💋 / 💆🏻‍♀️Красота и Здоровье / 💪🏻Фитнес и Похудение / 🥑ПП / По всем вопросам: https://goo.su/tabTp или https://clck.ru/3Un9wF,https://telemetr.me/max/channels/id71745355603290,search:женское/здоровье
id70950522587863,Сила Здоровья,https://max.ru/id70950522587863,Медицина и здоровье,118977.0,6758.0,8263.0,8.1,201.0,-305.0,-689.0,200.0,,"Сила Здоровья / Закрытый канал / Тут про здоровье | красоту | похудение / Сотрудничество : https://clck.ru/3Rxepd / Менеджер: https://maxln.ru/SpiralMiya / Здоровье,красота,похудение,рецепты,лайфхаки,советы",https://telemetr.me/max/channels/id70950522587863,search:женское/здоровье
nahodkisozoniwb,Находки с маркетплейсов | Скидки и товары,https://max.ru/nahodkisozoniwb,Каталоги,0.0,,,,0.0,0.0,0.0,0.0,@nahodkisozoniwb,"Находки с маркетплейсов | Скидки и товары / @nahodkisozoniwb / 🍭 Блогерские промокоды и скидки с Ozon и WB / Подпишись, если закупаешься на Озон и ВБ ❤️ / Связь в Макс: / https://vk.cc/cVwgLj / https://vk.cc/cVwgCA / Менеджер: / https://vk.cc/cUALL7 / Купить рекламу: https://telega.in/m/nahodkisozoniwb",https://telemetr.me/max/channels/nahodkisozoniwb,search:находки WB/Ozon
wbdeshevo,Дешёвый Wildberries | Находки WB & OZON | Валберис | Вайлдберис | Скидки,https://max.ru/wbdeshevo,Магазины,57194.0,1796.0,2203.0,4.8,180.0,2432.0,10059.0,237.0,https://max.ru/u/f9LHodD0cOKd9T_-rrKAy0U0etF1EwQdwBaVZdYqMES97iONLoEyPBF6u58 t.me/surenioPR @wbdeshevo,Дешёвый Wildberries | Находки WB & OZON | Валберис | Вайлдберис | Скидки / @wbdeshevo / Топовые находки с WB и OZON / Связь в MAX: https://max.ru/u/f9LHodD0cOKd9T_-rrKAy0U0etF1EwQdwBaVZdYqMES97iONLoEyPBF6u58 / Связь в TG: t.me/surenioPR / Стиль мода красота Яндекс маркетплейсы халява одежда плюс сайз size косметика дизайн интерьера суперцены Алиэкспресс AliExpress кэшбэк икеа Леруа акции распродажа,https://telemetr.me/max/channels/wbdeshevo,search:скидки WB
id71232083719655,Моя Дача,https://max.ru/id71232083719655,Сад и огород,50632.0,6402.0,7956.0,19.6,73.0,-153.0,-1701.0,230.0,,Моя Дача / Закрытый канал / Все о дачных делах — от посадок до богатого урожая и обустройства участка / Сотрудничество: https://clck.ru/3TKwt6 / Для приглашения друзей: https://clck.su/KJPqP / № 7220987001,https://telemetr.me/max/channels/id71232083719655,search:дача
id69755402250823,Дачница,https://max.ru/id69755402250823,Сад и огород,150866.0,17026.0,20728.0,15.7,265.0,-1599.0,-6502.0,315.0,,"Дачница / Закрытый канал / Мы объединяем тех, кому не безразлична судьба собственного участка, дома и огорода. / Благодарим за подписку на наше сообщество! / По всем вопросам vk.cc/cSfu67, clck.ru/3SZQGB / Купить рекламу: https://telega.in/m/fOyRJvfRsjx_TTXHXPkPcsUSCIcPPkWLjjJo2Gx_9aM",https://telemetr.me/max/channels/id69755402250823,search:дача
HcDKTwlaBnIyNzgy,Аэрогриль | Рецепты,https://max.ru/HcDKTwlaBnIyNzgy,Кулинария,267072.0,34929.0,40871.0,,0.0,-1843.0,-9524.0,915.0,,"Метрики по этому каналу временно не собираются / Показаны последние собранные данные — на 09.06.2026. / С каналом всё в порядке, он просто пока не попал в наш сбор: как только попадёт, цифры снова начнут обновляться. / Аэрогриль | Рецепты / Закрытый канал / По рекламе: https://clck.ru/3RGrgz / Рецепты аэрогриль, аэро, аэрогриля, грильница, гриль, духовка, еда, кухня, вкусные, домашние, простые, быстрые, блюда на каждый день, кулинария, завтрак, обед, ужин, вкусно, вафельница, мангал, мясные, десерты, гарниры",https://telemetr.me/max/channels/HcDKTwlaBnIyNzgy,search:рецепты
recepty_new,Мамины Рецепты,https://max.ru/recepty_new,Кулинария,118642.0,13769.0,16690.0,16.9,210.0,281.0,-402.0,232.0,@recepty_new,"Мамины Рецепты / @recepty_new / Простые Рецепты каждый день 😋 / 🍳Быстро 🥞Просто / 🍱Вкусно 🥗Полезно / По рекламе - clck.ru/3TCH5N, clck.ru/3Te5NV / По всем вопросам: https://clck.ru/3RQJZz / Еда, кухня, рецепты, аэрогриль, вкусные рецепты, домашние рецепты, простые рецепты, салаты, обед, завтрак, ужин, перекус, закуски, супы, гарниры, десерты, мультиварка, меню, кулинария",https://telemetr.me/max/channels/recepty_new,search:рецепты
F_ueICGFSQE1NmFi,Готовим в мультиварке | Рецепты,https://max.ru/F_ueICGFSQE1NmFi,Кулинария,126769.0,14550.0,17258.0,,0.0,1837.0,3875.0,800.0,https://t.me/Crolus,"Метрики по этому каналу временно не собираются / Показаны последние собранные данные — на 09.06.2026. / С каналом всё в порядке, он просто пока не попал в наш сбор: как только попадёт, цифры снова начнут обновляться. / Готовим в мультиварке | Рецепты / Закрытый канал / Быстрые и простые рецепты для мультиварки / Сотрудничество: / Тг https://t.me/Crolus / Max https://clck.ru/3QDNhc / Купить рекламу: https://telega.in/channels/F_ueICGFSQE1NmFi/card_max / Мультиварка, рецепты, завтраки, обед, Аэрогриль, гриль, ужин, перекус",https://telemetr.me/max/channels/F_ueICGFSQE1NmFi,search:мультиварка/аэрогриль
id69056318892609,Сплетни с психологом,https://max.ru/id69056318892609,Психология,56582.0,3912.0,4923.0,10.8,173.0,-529.0,-1937.0,247.0,,"Сплетни с психологом / Закрытый канал / Про секс, измены, манипуляции и кое-что ещё… / Ссылка на канал: iimax.ru/spletni_psycho / По всем вопросам: iimax.ru/Pvllpy / Сотрудничаем: https://maxln.ru/SpiralMiya / Биржа: https://telega.in/m/CF2jhpQJjHkkJEjL_bvEhyOcwY62RylpAD60LTI0Qlo",https://telemetr.me/max/channels/id69056318892609,search:психология
upgoods,Товары для дома,https://max.ru/upgoods,Магазины,72120.0,4061.0,4925.0,20.4,59.0,-1782.0,-7432.0,1162.0,,"Метрики по этому каналу временно не собираются / Показаны последние собранные данные — на 09.06.2026. / С каналом всё в порядке, он просто пока не попал в наш сбор: как только попадёт, цифры снова начнут обновляться. / Товары для дома / Закрытый канал / Рассказываем где выгодно купить полезные товары для дома 🛍 / Сотрудничество: vk.cc/cRMs7j / Прайс (коммерция) — vk.cc/cUh70h / Биржа: telega.in/m/upgoods / Материалы публикуются в ознакомительных целях. При обращении правообладателя контент будет удален.",https://telemetr.me/max/channels/upgoods,search:товары для дома
cutegiftss,DIY Подарочки • поделки,https://max.ru/cutegiftss,Рукоделие,46598.0,6032.0,7594.0,19.0,181.0,329.0,189.0,275.0,@cutegiftss,DIY Подарочки • поделки / @cutegiftss / Идеи поделок и подарков для близких своими руками 🎁 / По рекламе - iimax.ru/besty_adm / Менеджер - https://clck.ru/3S8VWe / https://iimax.ru/Klownq / Реклама на TelegaIn - https://telega.in/m/cutegiftss / Открытки • подарки • поделки из бумаги • своими руками • день рождения • вязание • вышивка • бисер / Все материалы взяты из открытых источников и принадлежат их правообладателям.,https://telemetr.me/max/channels/cutegiftss,search:подарки
