Ключевой запрос,Кол-во запросов
вертикальный моющий пылесос,191908
вертикальный пылесос моет,191901
вертикальный моющий пылесос для дома,23105
лучший моющий вертикальный пылесос,19752
рейтинг вертикальных моющих пылесосов,12716
вертикальный моющий пылесос отзывы,12496
вертикальный моющий пылесос какой,12291
вертикальный моющий пылесос купить,10486
вертикальный моющий пылесос сухая,9907
беспроводные моющие пылесосы для дома вертикальные,9882
вертикальный моющий пылесос с самоочисткой,9098
вертикальный моющий пылесос как моет,8587
вертикальный пылесос моющий сухая и влажная,7805
пылесос вертикальный моющий и сухой уборки,7152
вертикальный моющий пылесос какой лучше,6254
лучшие вертикальные моющие пылесосы для дома,5889
пылесос для влажной уборки вертикальный моющий,5268
моющие вертикальные пылесосы 2026,4992
топ вертикальных моющих пылесосов,4892
мощный вертикальный моющий пылесос,4872
моющий пылесос вертикальный какой выбрать,4426
вертикальный моющий пылесос для дома какой,4185
обзор вертикальных моющих пылесосов,3984
рейтинг вертикальных моющих беспроводных пылесосов,3964
роборок моющий пылесос вертикальный,3519
роборок пылесос моет вертикально,3519
вертикальный моющий пылесос для дома рейтинг,3372
белый вертикальный моющий пылесос,3303
вертикальный моющий пылесос рейтинг лучших,2745
вертикальный моющий пылесос тефаль,2668
мощный моющий вертикальный пылесос для дома,2639
вертикальный моющий пылесос для дома какой выбрать,2598
какой моющий вертикальный пылесос купить,2586
как выбрать моющий пылесос вертикальный,2383
видео вертикальным моющим пылесосом,2296
вертикальный моющий пылесос рейтинг 2026,2284
вертикальные моющие пылесосы с сушкой,2192
моющий пылесос вертикальный для дома с самоочисткой,2189
моющий пылесос для дома вертикальный какой лучший,2163
моющий пылесос вертикальный станция,2117
лучшие вертикальные пылесосы моющие купить,2113
самый моющий вертикальный пылесос,2109
пылесос вертикальный моющий x clean,2091
дриме пылесос вертикальный моющий,1977
какой вертикальный моющий пылесос лучше купить,1956
моющий пылесос вертикальный щетка,1809
днс моющий вертикальный пылесос,1784
вертикальный моющий пылесос с функцией самоочистки,1749
моющий вертикальный пылесос для дома купить,1724
паровые вертикальные моющие пылесосы,1714
лучший вертикальный моющий пылесос 2026,1608
моющий вертикальный пылесос с самоочисткой и сушкой,1595
вертикальный моющий пылесос с паром,1574
вертикальный моющий пылесос цена,1567
вертикальный моющий пылесос дайсон,1407
вертикальный моющий пылесос керхер,1392
дрими моющий вертикальный пылесос,1356
самый хороший вертикальный моющий пылесос,1337
вертикальный моющий пылесос для дома 2026,1295
рейтинг вертикальных моющих пылесосов с самоочисткой,1270
мощные моющие вертикальные пылесосы с самоочисткой,1265
моющие вертикальные пылесосы редмонд,1257
недорогие вертикальные моющие пылесосы,1215
моющий вертикальный пылесос рейтинг лучших для дома,1210
моющий вертикальный пылесос для дома отзывы,1140
рейтинг моющих пылесосов вертикальных беспроводных для дома,1131
вертикальный моющий пылесос для ковров,1120
моющий пылесос вертикальный со станцией,1104
лучшие вертикальные моющие пылесосы с самоочисткой,1092
какой купить вертикальный моющий пылесос для дома,1089
топ моющих пылесосов для дома вертикальных,1074
поларис моющий пылесос вертикальный,1067
вертикальный моющий пылесос для полов,1063
лучше какой пылесос вертикальный моющий выбирать,1045
моющий вертикальный пылесос hwnd a3 lite,1037
моющий пылесос швабра вертикальный,1026
бюджетный вертикальный моющий пылесос,1000
вертикальный моющий пылесос f16,994
моющий вертикальный пылесос 180,956
выбрать лучший моющий вертикальный пылесос для дома,955
моющее средство для вертикального моющего пылесоса,952
моющие пылесосы вертикальные для дома как выбрать,912
вертикальный моющий пылесос с насадками,891
обзор моющих вертикальных пылесосов беспроводных,874
dream моющий пылесос вертикальный,873
топ моющих вертикальных пылесосов 2026,849
вертикальный моющий пылесос дреаме,824
вертикальный моющий пылесос со станцией самоочистки,800
моющий пылесос ручной вертикальный,791
вертикальный моющий пылесос 5 в 1,774
топ лучших вертикальных моющих пылесосов,752
сравнить вертикальные моющие пылесосы,731
вертикальный пылесос моющий отзывы покупателей,721
рейтинг вертикальных моющих пылесосов для дома 2026,711
топ вертикальных моющих пылесосов беспроводных,710
хороший недорогой вертикальный моющий пылесос,707
вертикальный моющий пылесос для квартиры,704
моющие пылесосы беспроводные вертикальные дайсон,702
лучшие паровые вертикальные моющие пылесосы,690
пылесос китфорт вертикальный моющий,675
топ 10 вертикальных моющих пылесосов,658
вертикальные моющие пылесосы 2 в 1,657
моющий пылесос вертикальный пылесосит,652
пылесос вертикальный моющий x clean 10,650
вертикальный моющий пылесос hwnd a5,641
моющий самоочищающийся вертикальный пылесос,628
сравнение моющих вертикальных пылесосов,611
моющие пылесосы вертикальные с валиком,603
вертикальный моющий пылесос фирмы,593
хороший моющий вертикальный пылесос отзывы,589
моющий аккумуляторный вертикальный пылесос,575
вертикальный моющий пылесос ultimate,570
тинеко пылесос моющий вертикальный,555
вертикальный моющий пылесос с подсветкой,548
моющие беспроводные вертикальные пылесосы цены,547
моющий пылесос вертикальный f16 ultimate,537
видео как моют вертикальный пылесос,514
лучшие вертикальные моющие пылесосы для дома 2026,507
про вертикальный моющий пылесос,498
вертикальный пылесос моющий легкий,494
вертикальный моющий пылесос с функцией сухой уборки,490
лучший мощный моющий вертикальный пылесос,474
вертикальный моющий пылесос red,474
вертикальный моющий пылесос history,468
вертикальный моющий пылесос с самоочисткой купить,466
вертикальный моющий пылесос стоит ли,466
аккумулятор для моющего вертикального пылесоса,466
сяоми пылесос вертикальный моющий,464
моющий вертикальный пылесос с функцией сушки,462
вертикальный моющий пылесос h2,462
pro моющий пылесос вертикальный для дома,459
моющий пылесос для дома вертикальный недорогой,453
пылесос ручка вертикальный моющий,439
моющий пылесос вертикальный 180 градусов,429
вертикальный моющий пылесос h13 pro,428
вертикальный пылесос моющий русский язык,415
пылесос 3 в 1 вертикальный моющий,408
house up пылесос вертикальный моющий,408
ксиоми вертикальный моющий пылесос,403
вертикальный моющий пылесос с самоочисткой отзывы,397
как работает вертикальный моющий пылесос,395
днс пылесосы вертикальные беспроводные моющие,394
вертикальный пылесос моющий 3в1,393
neatsvor моющий пылесос вертикальный,393
karingbee пылесос вертикальный моющий,387
м видео пылесос вертикальный моющий,386
вертикальный моющий пылесос от сети,385
вертикальный пылесос red solution моющий,384
купить моющий пылесос вертикальный мощный,380
топ 5 моющих вертикальных пылесосов,379
щетка для вертикального моющего беспроводного пылесоса,376
стоит покупать моющий вертикальный пылесос,369
моющий пылесос вертикальный aq7500,369
лучший бюджетный вертикальный моющий пылесос,368
стоит ли покупать моющий вертикальный пылесос,354
моющий пылесос history aq7500 вертикальный,353
вертикальный моющий пылесос рейтинг лучших 2026,353
вертикальный моющий пылесос наклон 180,353
вертикальный моющий пылесос томас,353
вертикальный моющий пылесос моет горячей водой,349
вертикальный пылесос моющий горячей водой,349
самый лучший моющий пылесос для дома вертикальный,348
пылесос chovery вертикальный моющий,347
ксиаоми моющий пылесос вертикальный,344
как разобрать вертикальный моющий пылесос,332
как включить моющий пылесос вертикальный,331
самый мощный вертикальный моющий пылесос,328
вертикальный моющий пылесос f50 expert,327
моющий пылесос вертикальный и для мебели,320
моющий пылесос вертикальный dw h190,320
моющий вертикальный пылесос vss gx5,320
вертикальные моющие пылесосы 2025,320
лучшая фирма моющего вертикального пылесоса,316
вертикальный пылесос моющий что делает,315
вертикальный пылесос моет и пылесосит,315
какой мощный моющий вертикальный пылесос,313
вертикальный моющий пылесос для ламината,313
хайер моющий пылесос вертикальный,311
видео обзор вертикальных моющих пылесосов,309
вертикальный моющий пылесос мидеа,309
вертикальный моющий мощный пылесос отзыв,307
лучшие модели вертикальных моющих пылесосов,307
выбор вертикального моющего пылесоса,306
как хорошо моют вертикальные пылесосы,303
как мыть моющим пылесосом вертикальным полы,293
как мыть полы вертикальным пылесосом,293
лучший вертикальные моющий пылесос роборок,287
вертикальный моющий пылесос тувио,285
чистка вертикального моющего пылесоса,284
хороший моющий пылесос для квартиры вертикальный,282
welleya вертикальный моющий пылесос,278
мощные вертикальные пылесосы моющие недорогие,278
моющий вертикальный пылесос dem vx96w,276
моющий вертикальный пылесос hwnd q1,276
топ моющих вертикальных пылесосов с самоочисткой,276
вертикальные моющие пылесосы remez,274
двигатель вертикального моющего пылесоса,274
вертикальный моющий пылесос керхер для дома,270
вертикальные беспроводные моющие пылесосы лучшие мощные,270
вертикальные пылесосы на озоне моющие,269
вертикальный пылесос моющий отзывы какой лучше,269
вертикальный моющий пылесос самсунг,266
вертикальный моющий пылесос stimaxon,266
10 лучших моющих вертикальных пылесосов,266
какой взять моющий вертикальный пылесос,264
сравнить вертикальные беспроводные моющие пылесосы,264
вертикальный моющий пылесос для ковров и пола,263
рейтинг мощных моющих вертикальных пылесосов,263
пылесос моющий вертикальный w12,261
как выбрать хороший вертикальный моющий пылесос,261
вертикальный моющий пылесос дерма,261
вертикальный моющий пылесос с сушкой валика,260
вертикальный моющий пылесос атвел,257
минусы вертикальных моющих пылесосов,256
вертикальные пылесосы проводные мощные моющие,252
какой вертикальный моющий пылесос самый хороший,252
моющий пылесос вертикальный германия,251
вертикальный моющий пылесос профессиональный,243
моющие вертикальные пылесосы цена качество,240
топ моющих пылесосов вертикальных беспроводных для дома,239
моющий вертикальный пылесос с самоочисткой какой лучше,238
роборок вертикальный моющий пылесос отзывы,236
какой моющий пылесос вертикальный лучше недорогой,236
пылесос моющий вертикальный pvcs,232
лучшие недорогие вертикальные пылесосы беспроводные моющие,232
вертикальный моющий пылесос с съемным аккумулятором,231
моющий вертикальный пылесос noxlab,229
моет ли пол вертикальный пылесос,229
мытье пола вертикальным моющим пылесосом,228
вертикальный моющий пылесос bissell,227
wollmer моющий вертикальный пылесос,225
моющий пылесос для дома вертикальный обзор,224
топ лучших вертикальных моющих пылесосов для дома,224
вертикальный пылесос моющий редмонд multiclean,223
вертикальные моющие пылесосы оками,221
топ 10 лучших моющих вертикальных пылесосов,220
вертикальный пылесос с моющей системой,219
пылесос вертикальный моющий с турбощеткой,219
вертикальный моющий пылесос с уборкой паром,218
вертикальный моющий пылесос jb,217
моющий пылесос для дома аккумуляторный вертикальный,217
моющий пылесос вертикальный с проводом,215
вертикальный моющий пылесос до 25000,215
можно ли вертикальным пылесосом мыть ковер,213
мощные моющие вертикальные пылесосы какие лучшие,213
моющий вертикальный пылесос tinton life,211
бренды моющих пылесосов вертикальных,211
моющий вертикальный пылесос с станцией самоочистки,207
вертикальный моющий пылесос до 15000,207
качественный моющий вертикальный пылесос,206
плюсы и минусы вертикального моющего пылесоса,206
моющий пылесос вертикальный 180 и горизонтальный,206
средство для моющего вертикального пылесоса для пола,206
какой фирмы вертикальный моющий пылесос лучше,203
вертикальные моющие пылесосы для дома цены,202
вертикальный моющий пылесос со съемным аккумулятором,202
вертикальный моющий пылесос с горячей,201
моющий вертикальный пылесос vss gx6,200
моющий пылесос для дома вертикальный видео,199
вертикальный моющий пылесос yaly,199
гарлин пылесос вертикальный моющий,198
вертикальный моющий пылесос купить отзывы,198
вертикальный пылесос моющий на что обратить внимание,198
роборок вертикальный пылесос моющий купить,197
нужен ли вертикальный моющий пылесос,197
робокоп пылесос моющий вертикальный,194
вертикальный моющий пылесос рейтинг 2025,194
пылесосы моющие вертикальные с базой,193
вертикальный моющий пылесос с самоочисткой валика,193
вертикальный моющий пылесос h20,191
моющий пылесос для дома вертикальный днс,190
пылесос вертикальный моющий купить спб,188
вертикальный моющий пылесос магазин,188
вертикальный пылесос моющий китайский,188
хороший моющий вертикальный пылесос недорогой и мощный,187
вертикальный моющий пылесос vss at2 самоочистка,186
роборок вертикальный пылесос какой лучше моющий,185
candy пылесос вертикальный моющий,185
вертикальный моющий пылесос dorfhaus,185
сборка вертикального моющего пылесоса,184
вертикальный моющий пылесос mijia,184
какой должен быть вертикальный пылесос моющий,184
паровой моющий пылесос для дома вертикальный,183
вертикальные моющие пылесосы работающие от сети,182
моющий пылесос вертикальный или обычный,181
вертикальный моющий пылесос с сушкой рейтинг,180
не включается вертикальный моющий пылесос,180
bork вертикальный моющий пылесос,178
моющий пылесос вертикально выдает ошибку,178
miko моющий пылесос вертикальный,178
dns вертикальный моющий пылесос,176
моющий пылесос для дома вертикальный отзывы покупателей,176
трувер пылесос вертикальный моющий,175
посоветуйте моющий вертикальный пылесос,174
топ вертикальных моющих пылесосов для дома 2026,170
вертикальный моющий пылесос ar 60,169
вертикальный моющий пылесос полярис,169
вертикальный моющий пылесос хаер,169
моющий вертикальный пылесос d800,169
какое моющее средство для вертикального пылесоса,168
топ 5 моющих вертикальных пылесосов для дома,168
какой вертикальный моющий пылесос лучше взять,168
вертикальный моющий пылесос veliux,168
бюджетный вертикальный моющий пылесос для дома,167
вертикальный пылесос с моющей функцией рейтинг,167
топ бюджетных вертикальных моющих пылесосов,166
топ 10 вертикальных моющих пылесосов беспроводные,165
вертикальный моющий пылесос купить в днс,165
лучший моющий вертикальный пылесос отзывы покупателей,165
вертикальный пылесос моющий мебель и ковры,163
пылесос китфорт вертикальный моющий паровой пылесос,163
моющий вертикальный пылесос с функцией пара,163
не заряжается моющий вертикальный пылесос,163
вертикальный пылесос моющий для шерсти,162
моющий пылесос вертикальный houseup,160
вертикальный моющий пылесос фото,160
моющий вертикальный пылесос ред,160
топ рейтинг вертикальных моющих пылесосов,160
вертикальный моющий пылесос до 20000,159
лучший вертикальный моющий пылесос с паром,158
вертикальный моющий пылесос с системой самоочистки,158
моющий вертикальный пылесос cwnd f1,158
вертикальный моющий пылесос с сушкой щетки,157
рейтинг недорогих вертикальных моющих пылесосов,157
qyron вертикальный моющий пылесос,156
пылесос вертикальный моющий f16 evo,155
вертикальные пылесосы хорошо моющие полы,154
моющий вертикальный пылесос d800 asteroid,153
моющий пылесос тефаль вертикальный с паром,153
вертикальный моющий пылесос купить недорого,152
редмонд пылесос вертикальный моющий vh1334,152
пылесос lg моющий вертикальный,152
лучший вертикальный моющий пылесос для ковров,151
какой вертикальный моющий пылесос выбрать в 2026,150
как собрать вертикальный моющий пылесос,150
роблокс пылесос моющий вертикальный,148
моющий вертикальный пылесос не подает воду,148
вертикальный моющий пылесос рейтинг лучших моделей,146
вертикальный моющий пылесос лучшие 2025,144
моющий пылесос для пола и мебели вертикальный,144
моющий вертикальный пылесос реально моет,142
вертикальные моющие пылесосы комбо,141
как выбрать вертикальный моющий пылесос для квартиры,141
пылесос вертикальный моющий wash g1,141
пылесосы вертикальные ozon моющие,140
вертикальный моющий пылесос какой купить отзывы,138
вертикальный моющий пылесос candy cwnd f1,138
моющий вертикальный пылесос wollmer d800,138
купить вертикальный моющий пылесос в минске,136
как чистить моющий пылесос вертикальный,136
моющий вертикальный пылесос борк,134
пылесос филипс моющий вертикальный,134
вертикальный моющий пылесос обзор 2026,133
рейтинг бюджетных пылесосов моющих вертикальных,133
вертикальный пылесос bosch моющий,132
дешево моющий вертикальный пылесос,132
вертикальный моющий пылесос с двумя валиками,131
какие моющие вертикальные пылесосы для ковров,131
беспроводные моющие пылесосы для дома вертикальные обзор,131
вертикальный моющий пылесос для паркета,130
ручной вертикальный моющий пылесос для дома,127
моющий пылесос вертикальный для дома aq7500,126
чистка ковров вертикальным моющим пылесосом,126
моющий пылесос для дома вертикальный на аккумуляторе,126
вертикальный моющий пылесос медея,126
рейтинг вертикальных моющих пылесосов для дома 2025,125
пылесос вертикальный моющий red solution w3450,125
karingbee моющий вертикальный пылесос m3,125
моющий вертикальный пылесос wollmer d800 asteroid,125
жидкость для вертикальных моющих пылесосов,123
моющий вертикальный пылесос vss gx5 самоочистка,123
как правильно выбрать вертикальный моющий пылесос,122
вертикальный контейнер на моющий пылесос,122
тефаль моющий пылесос вертикальный x clean,120
вертикальный моющий пылесос адсм 3,120
купить моющий пылесос тефаль вертикальный,120
пылесос моющий вертикальный авито,120
купить вертикальный пылесос с моющей функцией,119
отличие моющего пылесоса от вертикального,119
какой мощностью должен быть вертикальный моющий пылесос,118
вертикальный моющий пылесос chovery x10,118
моющий вертикальный пылесос отзовик,118
вертикальный моющий пылесос vitek,117
моющий вертикальный пылесос alitmila,117
вертикальный моющий пылесос с наклоном 180 градусов,116
моющий вертикальный пылесос vss gx5 pro,116
вертикальные пылесосы моющие керхер отзывы,116
пылесос моющий вертикальный официальный сайт,115
видео работы вертикального моющего пылесоса,115
моющий пылесос самоочищающийся вертикальный рейтинг,114
вертикальные пылесосы моющие ксяоми,113
пылесос ред солюшен вертикальный моющий,113
редмонд пылесос моющий вертикальный отзывы,113
вертикальный моющий пылесос philips,112
пылесос паровой моющий вертикальный отзывы,111
пылесос моющий на озоне купить вертикальный,111
лучшие вертикальные пылесосы со станцией самоочистки моющие,111
вертикальный моющий пылесос samsung,111
рейтинг вертикальных моющих пылесосов с паром,110
как перезагрузить вертикальный моющий пылесос,110
устройство вертикального моющего пылесоса,110
параметры моющего пылесоса вертикальный,109
grundig вертикальный моющий пылесос,109
почему моющие вертикальные пылесосы беспроводные,108
моющий пылесос с самоочисткой вертикальный рейтинг лучших,107
моющий пылесос вертикальный 2 аккумулятора noxlab,106
вертикальные моющие пылесосы bq,106
вертикальный моющий пылесос отзывы и цены,106
вертикальный моющий пылесос атвел ф16,105
пылесос mitiro моющий вертикальный,105
вертикальный моющий пылесос рейтинг отзывы,105
моющий пылесос вертикальный invared,104
вертикальный моющий пылесос w,104
вертикальный пылесос моющий v400,104
вертикальный моющий пылесос flexi pro,103
как почистить вертикальный моющий пылесос,103
моющий пылесос вертикальный redroad,102
роборокс пылесос вертикальный моющий,102
вертикальный моющий пылесос в москве,102
вертикальный моющий пылесос thomas,101
топ 10 моющих пылесосов для дома вертикальных,101
редмонд пылесос моющий вертикальный цена,101
купить вертикальный моющий пылесос керхер,101
моющий пылесос вертикальный floor cleaner,100
пылесос вертикальный акб моющий,99
какой лучший моющий пылесос вертикальный мощностью,99
вертикальный моющий пылесос lg cordzero a9n masterx,99
вертикальный моющий пылесос 4 в 1,99
вертикальный моющий пылесос не всасывает воду,99
вертикальный моющий пылесос отзывы владельцев,98
моющий пылесос с вертикальной парковкой,98
вертикальный пылесос моющий с насадкой для мебели,97
вертикальный моющий пылесос saeret,97
вертикальный моющий пылесос роборок или дрим,97
какой пылесос лучше моющий или обычный вертикальный,96
пылесос вертикальный моющий какой выбрать отзывы,96
помпа для моющего пылесоса вертикального,95
универсальный вертикальный моющий пылесос,94
лучшие вертикальные моющие пылесосы в 2026 году,94
стоит ли брать моющий вертикальный пылесос,94
вертикальный моющий пылесос сравнение моделей,94
принцип работы вертикального моющего пылесоса,93
hlc пылесос вертикальный моющий,93
armelona вертикальный моющий пылесос,92
вертикальный моющий пылесос до 10000,92
яндекс маркет моющий вертикальный пылесос,92
dremel пылесос вертикальный моющий,92
вертикальный моющий пылесос для дома тефаль,91
пылесос вертикальный моющий как снять ручку,91
лучшие бренды вертикальных моющих пылесосов,90
вертикальный моющий пылесос тест,90
моющий вертикальный пылесос zutti,90
пылесос тефаль моющий вертикальный отзывы,89
пылесос который пылесосит и моет одновременно вертикальный,89
вертикальный моющий пылесос gt804 pro,89
что значит вертикальный моющий пылесос,89
пылесос mu моющий вертикальный,88
вертикальный моющий пылесос для линолеума,88
пылесос моющий вертикальный vh1314,88
моющий пылесос для вертикальных поверхностей,87
пылесос поларис 6070 вертикальный моющий,87
моющий пылесос вертикальный новосибирск купить,87
рейтинг лучших моющих вертикальных пылесосов 2025,87
моющий вертикальный пылесос hyundai hyv s01aqua,86
днс моющий пылесос каталог вертикальный,86
korphous моющий пылесос вертикальный,86
пылесос вертикальный моющий купить москва,86
вертикальные моющие пылесосы derma,86
моющий пылесос вертикальный proscenic,85
пылесос моющий вертикальный ifloor y2,85
топ беспроводных вертикальных моющих пылесосов 2026,85
вертикальный моющий пылесос лед 1,85
моющий пылесос вертикальный дорогой,85
arnica вертикальный моющий пылесос,84
вертикальный моющий пылесос lumoon,84
можно ли вертикальным моющим пылесосом пылесосить ковры,84
вертикальный моющий пылесос с паром для дома,84
моющий пылесос вертикальный с горячей сушкой,84
самые надежные вертикальные моющие пылесосы,84
моющий пылесос вертикальный h20mix,84
вертикальный пылесос моющий 5 элемент,83
моющий вертикальный пылесос kiwis,82
моющий вертикальный пылесос waps,82
вертикальный моющий пылесос tsoy,82
течь вертикального моющего пылесоса,82
какой моющий пылесос лучше робот или вертикальный,81
распаковка вертикального моющего пылесоса,81
моющий пылесос вертикальный proscenic f20r,80
пылесос дриме вертикальный моющий отзывы,80
вертикальный моющий пылесос купить в красноярске,80
вертикальный моющий пылесос pvcw 1080,80
пылесос моющий вертикальный red solution x20,80
вертикальный томсон пылесос моющий,79
валберис моющий пылесос вертикальный,79
лучшие моющие вертикальные пылесосы дрими,79
vacuumatic пылесос вертикальный моющий,79
пылесос вертикальный моющий dream pro,78
вертикальный моющий пылесос w17,78
обзор моющих пылесосов вертикальных с функцией самоочистки,78
пылесос моющий тефаль вертикальный 10,77
какую брать моющий вертикальный пылесос,77
вертикальный моющий пылесос с мощным аккумулятором,77
какой лучше моющий пылесос 2026 вертикальный,76
купить моющий пылесос вертикальный для ковров,76
посоветуйте хороший моющий пылесос вертикальный,76
какой вертикальный моющий пылесос купить в 2026,75
лучшие цена качество моющие вертикальные пылесосы,75
модели роборок моющий вертикальный пылесос,75
вертикальный моющий пылесос бош,75
стоимость вертикального моющего пылесоса,74
вертикальные моющие пылесосы до 15000 рублей,74
вертикальные моющие пылесосы челябинск,74
пылесос вертикальный моющий с паром отзывы,74
вертикальный моющий пылесос эльдорадо,74
выбрать бюджетный вертикальный пылесос моющий,74
швабра пылесос вертикальная моющий отзывы,73
моющий пылесос вертикальный 3 max,73
моющий пылесос вертикальный редмонд vh1312,73
как правильно пользоваться вертикальным моющим пылесосом,72
вертикальный моющий пылесос saferet,72
вертикальные моющие пылесосы dreamy,72
топ недорогих вертикальных моющих пылесосов,72
моющий пылесос вертикальный olm xcy010,71
топ лучших вертикальных моющих пылесосов 2026,71
тряпки для вертикального моющего пылесоса,71
моющий пылесос без проводов вертикальный,71
вертикальный моющий пылесос yanhama w17,71
пылесос вертикальный моющий ds c300,70
моющий пылесос вертикальный move,70
вертикальный моющий пылесос honey,70
лучшие марки вертикального моющего пылесоса,69
биссел моющий вертикальный пылесос,69
felfri вертикальный моющий пылесос,69
купить в самаре моющий вертикальный пылесос,69
пылесос вертикальный витек моющий,69
вертикальный моющий пылесос чистка мебели,69
моющий вертикальный пылесос thomson,69
моющий пылесос вертикальный с базой и самоочисткой,69
пылесос дексп вертикальный моющий,69
ремез моющий вертикальный пылесос,69
вертикальный пылесос моющий или горизонтальный,68
вертикальный пылесос моющий максимальная мощность,68
топ мощных вертикальных моющих пылесосов,68
моющий пылесос jumbo boost вертикальный,67
пылесос вертикальный моющий для шерсти животных,67
вертикальный моющий пылесос vx95w,67
neatsvor моющий пылесос вертикальный t30,67
моющий пылесос вертикальный carrera,67
сколько стоит моющий вертикальный пылесос,67
моющий пылесос хиаоми вертикальный,67
моющий вертикальный пылесос v15s detect absolute,67
рейтинг вертикальных моющих пылесосов со станцией,67
вертикальные пылесосы премиум моющие,67
топ вертикальных моющих пылесосов 2025,67
моющий пылесос red solution вертикальный отзывы,66
вертикальный моющий пылесос qyron vc602,66
вертикальный моющий пылесос атвел купить,66
21 век вертикальный моющий пылесос,65
ситилинк вертикальные пылесосы моющие,65
моющий пылесос вертикальный редмонд multiclean vh1334,65
купить вертикальный моющий пылесос недорогой но хороший,65
дайсон моющий пылесос вертикальный отзыв,65
купить вертикальный моющий пылесос с сушкой,65
какой фирмы купить вертикальный моющий пылесос,65
купить моющее средство для вертикального пылесоса,64
